name,email,phone,company,role
Virginia Jimenez,virginia.jimenez0@cloudservicesco.com,(600) 936-4588,Cloud Services Co,Operations Manager
Rachel Hernandez,rachel.hernandez1@quantumsolutions.com,(676) 455-3259,Quantum Solutions,Content Manager
Henry Kim,henry.kim2@financeplusholdings.com,(515) 234-0353,FinancePlus Holdings,CFO
Samantha Sullivan,samantha.sullivan3@quantumsolutions.com,(420) 203-5415,Quantum Solutions,CEO
William Wright,william.wright4@elitebusinessservices.com,(751) 404-2107,Elite Business Services,Software Engineer
Janet James,janet.james5@byteforgesystems.com,(993) 611-7496,ByteForge Systems,Customer Success Manager
Kathleen Mendoza,kathleen.mendoza6@advancedanalytics.com,(587) 722-3490,Advanced Analytics,Software Engineer
Nathan Lewis,nathan.lewis7@legalpartnersllp.com,(781) 968-0563,Legal Partners LLP,Software Engineer
Jack Jenkins,jack.jenkins8@innovationlabs.com,(856) 703-4099,Innovation Labs,VP of Engineering
Justin Hill,justin.hill9@creativemedia.com,(400) 699-4143,Creative Media,Business Analyst
Michael Watson,michael.watson10@byteforgesystems.com,(324) 403-4140,ByteForge Systems,CFO
Rachel Rodriguez,rachel.rodriguez11@cloudbaseinc.com,(403) 212-8651,CloudBase Inc,Designer
Amy Perry,amy.perry12@capitalpartnersgroup.com,(671) 247-1330,Capital Partners Group,Consultant
Evelyn Hamilton,evelyn.hamilton13@primeconsulting.com,(508) 729-4021,Prime Consulting,Data Scientist
Sharon Campbell,sharon.campbell14@globalsystems.com,(514) 246-9161,Global Systems,Account Manager
David Wright,david.wright15@mediahubproductions.com,(295) 623-3057,MediaHub Productions,Data Scientist
Kevin Fisher,kevin.fisher16@strategicpartners.com,(911) 213-9123,Strategic Partners,CTO
Shirley Perry,shirley.perry17@datadynamics.com,(344) 425-2267,Data Dynamics,Account Manager
Judith Green,judith.green18@vertexventures.com,(245) 466-6269,Vertex Ventures,Software Engineer
Samuel Morris,samuel.morris19@enterprisesolutions.com,(419) 656-8433,Enterprise Solutions,Account Manager
Mark Phillips,mark.phillips20@futuretech.com,(136) 793-9093,Future Tech,Finance Director
Noah Morgan,noah.morgan21@designlabcreative.com,(242) 856-3862,DesignLab Creative,Senior Developer
Diane Hamilton,diane.hamilton22@synergygroup.com,(700) 260-8518,Synergy Group,Marketing Director
Mark Stewart,mark.stewart23@strategicpartners.com,(430) 664-3853,Strategic Partners,VP of Marketing
Anna Martin,anna.martin24@hrsolutionscorp.com,(652) 437-5777,HR Solutions Corp,Account Manager
Kevin Rodriguez,kevin.rodriguez25@mediahubproductions.com,(535) 946-7746,MediaHub Productions,Software Engineer
Emma Long,emma.long26@vertexventures.com,(964) 642-7743,Vertex Ventures,Customer Success Manager
Melissa Garcia,melissa.garcia27@smartsolutions.com,(740) 986-8618,Smart Solutions,Product Manager
Olivia Lopez,olivia.lopez28@datadynamics.com,(317) 241-1487,Data Dynamics,VP of Engineering
Andrew Flores,andrew.flores29@datadynamics.com,(211) 157-4827,Data Dynamics,Developer
Jeffrey Kelly,jeffrey.kelly30@enterprisesolutions.com,(338) 332-6857,Enterprise Solutions,UI/UX Designer
Brandon Russell,brandon.russell31@techcorpsolutions.com,(330) 318-5225,TechCorp Solutions,Architect
Christina Sullivan,christina.sullivan32@globalsystems.com,(366) 739-8889,Global Systems,Finance Director
Jennifer Bailey,jennifer.bailey33@globalsystems.com,(444) 456-1995,Global Systems,Designer
Edward Green,edward.green34@hrsolutionscorp.com,(412) 123-1385,HR Solutions Corp,Customer Success Manager
Sarah Gutierrez,sarah.gutierrez35@quantumsolutions.com,(982) 111-4206,Quantum Solutions,Senior Developer
Christine Edwards,christine.edwards36@synergygroup.com,(938) 158-8419,Synergy Group,Software Engineer
Mary Torres,mary.torres37@designlabcreative.com,(818) 304-6944,DesignLab Creative,UI/UX Designer
Zachary Ramirez,zachary.ramirez38@strategicpartners.com,(334) 510-6519,Strategic Partners,Content Manager
Laura Sullivan,laura.sullivan39@healthtechmedical.com,(868) 377-7468,HealthTech Medical,VP of Marketing
Evelyn Johnson,evelyn.johnson40@financeplusholdings.com,(966) 865-6855,FinancePlus Holdings,VP of Sales
Jacob Ruiz,jacob.ruiz41@financeplusholdings.com,(995) 729-4160,FinancePlus Holdings,Product Manager
Peter Flores,peter.flores42@advancedanalytics.com,(102) 482-4271,Advanced Analytics,VP of Engineering
Lisa Collins,lisa.collins43@enterprisesolutions.com,(265) 678-8897,Enterprise Solutions,UI/UX Designer
Kyle Hamilton,kyle.hamilton44@synergygroup.com,(869) 705-4714,Synergy Group,Business Analyst
Emily Phillips,emily.phillips45@techcorpsolutions.com,(205) 979-5937,TechCorp Solutions,Designer
Patrick Hughes,patrick.hughes46@designlabcreative.com,(760) 233-6585,DesignLab Creative,HR Manager
Barbara Rogers,barbara.rogers47@cloudservicesco.com,(110) 602-2760,Cloud Services Co,Account Manager
Ethan Mitchell,ethan.mitchell48@techcorpsolutions.com,(486) 635-5690,TechCorp Solutions,Data Scientist
Stephanie Scott,stephanie.scott49@datasynctechnologies.com,(591) 288-2974,DataSync Technologies,Architect
Shirley Martinez,shirley.martinez50@cloudbaseinc.com,(390) 937-2513,CloudBase Inc,HR Manager
Olivia Ward,olivia.ward51@strategicpartners.com,(733) 128-9755,Strategic Partners,Product Manager
Richard Gomez,richard.gomez52@techcorpsolutions.com,(646) 763-8786,TechCorp Solutions,Sales Manager
Elizabeth Fisher,elizabeth.fisher53@quantumsolutions.com,(225) 718-5578,Quantum Solutions,CEO
Melissa Bell,melissa.bell54@smartsolutions.com,(567) 178-6368,Smart Solutions,Project Manager
Gregory Walker,gregory.walker55@brandworksmarketing.com,(207) 667-5859,BrandWorks Marketing,Sales Manager
Janet Patel,janet.patel56@legalpartnersllp.com,(889) 369-2950,Legal Partners LLP,CEO
Joyce Bailey,joyce.bailey57@quantumsolutions.com,(286) 168-2102,Quantum Solutions,VP of Marketing
David Wood,david.wood58@designlabcreative.com,(702) 707-2284,DesignLab Creative,Finance Director
Linda Ward,linda.ward59@nexuscorporation.com,(673) 554-8280,Nexus Corporation,Content Manager
Tyler Davis,tyler.davis60@enterprisesolutions.com,(941) 503-4186,Enterprise Solutions,Content Manager
Helen Parker,helen.parker61@vertexventures.com,(844) 803-5700,Vertex Ventures,Developer
Andrew Cox,andrew.cox62@innovationlabs.com,(214) 476-4988,Innovation Labs,Software Engineer
Raymond Nelson,raymond.nelson63@cloudservicesco.com,(925) 155-7085,Cloud Services Co,Account Manager
Paul Coleman,paul.coleman64@techcorpsolutions.com,(589) 648-2611,TechCorp Solutions,CEO
Stephanie Martinez,stephanie.martinez65@designlabcreative.com,(899) 963-7727,DesignLab Creative,Software Engineer
Barbara Foster,barbara.foster66@cloudservicesco.com,(792) 531-7056,Cloud Services Co,Business Analyst
Jerry Adams,jerry.adams67@creativemedia.com,(579) 496-8536,Creative Media,CEO
Benjamin Morgan,benjamin.morgan68@smartsolutions.com,(992) 431-8099,Smart Solutions,Marketing Director
Samuel Graham,samuel.graham69@innovationlabs.com,(405) 138-5912,Innovation Labs,Project Manager
Patricia Wright,patricia.wright70@brandworksmarketing.com,(360) 844-2414,BrandWorks Marketing,Sales Manager
Justin Young,justin.young71@nexuscorporation.com,(967) 938-6596,Nexus Corporation,Architect
Tyler Lewis,tyler.lewis72@synergygroup.com,(401) 396-3904,Synergy Group,Marketing Director
Ronald Robinson,ronald.robinson73@globalsystems.com,(490) 759-0541,Global Systems,Sales Manager
Frank Hughes,frank.hughes74@healthtechmedical.com,(913) 694-2844,HealthTech Medical,Designer
Brandon Cooper,brandon.cooper75@legalpartnersllp.com,(531) 366-7066,Legal Partners LLP,Customer Success Manager
Jessica Wright,jessica.wright76@financeplusholdings.com,(163) 942-8816,FinancePlus Holdings,Sales Manager
Judith Jimenez,judith.jimenez77@cloudservicesco.com,(204) 234-7788,Cloud Services Co,Product Manager
Emma Miller,emma.miller78@pinnaclegroup.com,(453) 255-5490,Pinnacle Group,Product Manager
Brian Lopez,brian.lopez79@creativemedia.com,(594) 143-6473,Creative Media,Finance Director
Michael Simmons,michael.simmons80@cloudservicesco.com,(834) 877-7244,Cloud Services Co,Product Manager
Judith Parker,judith.parker81@advancedanalytics.com,(857) 347-7386,Advanced Analytics,Sales Manager
Shirley Jenkins,shirley.jenkins82@cloudservicesco.com,(808) 672-2737,Cloud Services Co,Project Manager
Christina Castillo,christina.castillo83@digitalinnovations.com,(777) 866-7909,Digital Innovations,Senior Developer
Ronald Butler,ronald.butler84@quantumsolutions.com,(416) 570-6311,Quantum Solutions,Designer
Andrew Rivera,andrew.rivera85@synergygroup.com,(175) 451-4242,Synergy Group,Architect
Zachary Hughes,zachary.hughes86@brandworksmarketing.com,(892) 893-1990,BrandWorks Marketing,VP of Marketing
Carol Martin,carol.martin87@enterprisesolutions.com,(482) 207-1983,Enterprise Solutions,Operations Manager
Rebecca Davis,rebecca.davis88@apexindustries.com,(760) 896-4789,Apex Industries,Content Manager
Nicole Smith,nicole.smith89@pinnaclegroup.com,(906) 489-3997,Pinnacle Group,Data Scientist
Dorothy Smith,dorothy.smith90@healthtechmedical.com,(678) 108-2668,HealthTech Medical,Business Development
Matthew Watson,matthew.watson91@techcorpsolutions.com,(858) 357-9365,TechCorp Solutions,CFO
Donald Nguyen,donald.nguyen92@quantumsolutions.com,(702) 714-7644,Quantum Solutions,Sales Manager
Matthew Anderson,matthew.anderson93@datadynamics.com,(954) 826-6845,Data Dynamics,Business Analyst
Joshua Morgan,joshua.morgan94@digitalinnovations.com,(577) 872-1882,Digital Innovations,Sales Manager
Kenneth Cooper,kenneth.cooper95@byteforgesystems.com,(579) 644-2974,ByteForge Systems,Finance Director
Patrick Fisher,patrick.fisher96@quantumsolutions.com,(430) 731-7996,Quantum Solutions,Marketing Director
Jonathan Perry,jonathan.perry97@strategicpartners.com,(130) 745-7402,Strategic Partners,Customer Success Manager
Rachel Thompson,rachel.thompson98@legalpartnersllp.com,(594) 832-0876,Legal Partners LLP,Finance Director
David Peterson,david.peterson99@strategicpartners.com,(339) 817-5559,Strategic Partners,Customer Success Manager
Barbara Smith,barbara.smith100@globalsystems.com,(949) 941-7594,Global Systems,Sales Manager
Kimberly White,kimberly.white101@futuretech.com,(437) 314-0422,Future Tech,CFO
Brenda Morales,brenda.morales102@smartsolutions.com,(884) 323-8057,Smart Solutions,VP of Sales
Michelle Cox,michelle.cox103@brandworksmarketing.com,(313) 885-2079,BrandWorks Marketing,Marketing Director
Kimberly Clark,kimberly.clark104@hrsolutionscorp.com,(858) 234-1437,HR Solutions Corp,Senior Developer
Lauren Collins,lauren.collins105@enterprisesolutions.com,(700) 507-2801,Enterprise Solutions,Software Engineer
Jennifer Reyes,jennifer.reyes106@techsolutionsinc.com,(716) 226-5828,Tech Solutions Inc,Sales Manager
Victoria Taylor,victoria.taylor107@strategicpartners.com,(473) 907-4141,Strategic Partners,UI/UX Designer
Anna Lee,anna.lee108@techsolutionsinc.com,(355) 348-4463,Tech Solutions Inc,Business Development
Richard Sullivan,richard.sullivan109@datasynctechnologies.com,(577) 252-8518,DataSync Technologies,Architect
Ethan Hill,ethan.hill110@enterprisesolutions.com,(341) 303-6236,Enterprise Solutions,Marketing Director
Ethan Parker,ethan.parker111@techcorpsolutions.com,(136) 853-5856,TechCorp Solutions,Content Manager
Emma Ward,emma.ward112@quantumsolutions.com,(567) 487-1860,Quantum Solutions,Architect
Jessica Torres,jessica.torres113@apexindustries.com,(693) 530-4077,Apex Industries,HR Manager
Deborah Roberts,deborah.roberts114@pinnaclegroup.com,(272) 173-4331,Pinnacle Group,CEO
Eric Nguyen,eric.nguyen115@advancedanalytics.com,(491) 235-6934,Advanced Analytics,Account Manager
Jason Hall,jason.hall116@enterprisesolutions.com,(771) 279-8258,Enterprise Solutions,VP of Sales
Julie Lee,julie.lee117@healthtechmedical.com,(561) 844-1878,HealthTech Medical,VP of Marketing
Olivia Kelly,olivia.kelly118@nexuscorporation.com,(505) 223-3980,Nexus Corporation,Project Manager
Jessica Jimenez,jessica.jimenez119@quantumsolutions.com,(196) 932-1095,Quantum Solutions,Project Manager
John Morgan,john.morgan120@digitalinnovations.com,(270) 783-8759,Digital Innovations,Sales Manager
Emily Cook,emily.cook121@pinnaclegroup.com,(566) 319-9613,Pinnacle Group,Architect
Michelle Collins,michelle.collins122@cloudbaseinc.com,(154) 102-1094,CloudBase Inc,Software Engineer
Ethan Coleman,ethan.coleman123@designlabcreative.com,(420) 306-9282,DesignLab Creative,Finance Director
Kenneth King,kenneth.king124@capitalpartnersgroup.com,(961) 935-2536,Capital Partners Group,Business Development
Sandra Wilson,sandra.wilson125@healthtechmedical.com,(291) 193-2394,HealthTech Medical,Business Development
Shirley Lewis,shirley.lewis126@enterprisesolutions.com,(362) 500-7046,Enterprise Solutions,Senior Developer
Christina Barnes,christina.barnes127@cloudservicesco.com,(364) 913-6152,Cloud Services Co,Developer
Sharon Allen,sharon.allen128@globalsystems.com,(661) 540-2452,Global Systems,Consultant
Olivia Hill,olivia.hill129@elitebusinessservices.com,(667) 261-5356,Elite Business Services,HR Manager
Charles Mendoza,charles.mendoza130@creativemedia.com,(193) 151-1684,Creative Media,CEO
Jonathan Coleman,jonathan.coleman131@hrsolutionscorp.com,(621) 407-2918,HR Solutions Corp,Operations Manager
Amanda Evans,amanda.evans132@techcorpsolutions.com,(177) 277-2784,TechCorp Solutions,Product Manager
Alexander Peterson,alexander.peterson133@pinnaclegroup.com,(388) 870-0168,Pinnacle Group,VP of Engineering
Ashley Jackson,ashley.jackson134@smartsolutions.com,(933) 340-8570,Smart Solutions,Software Engineer
Donald Peterson,donald.peterson135@strategicpartners.com,(659) 758-9749,Strategic Partners,VP of Engineering
Kathleen Morris,kathleen.morris136@nexuscorporation.com,(859) 911-1965,Nexus Corporation,Software Engineer
Dennis Kim,dennis.kim137@advancedanalytics.com,(255) 113-3984,Advanced Analytics,Marketing Director
Sharon Ward,sharon.ward138@elitebusinessservices.com,(137) 662-4640,Elite Business Services,Project Manager
Jack Hill,jack.hill139@brandworksmarketing.com,(274) 446-4973,BrandWorks Marketing,Software Engineer
David Lopez,david.lopez140@techcorpsolutions.com,(793) 545-3404,TechCorp Solutions,VP of Sales
Shirley Carter,shirley.carter141@nexuscorporation.com,(531) 923-1017,Nexus Corporation,Sales Manager
Anna Barnes,anna.barnes142@strategicpartners.com,(418) 169-7718,Strategic Partners,CEO
Olivia Harris,olivia.harris143@byteforgesystems.com,(651) 758-8537,ByteForge Systems,CFO
Mark Bell,mark.bell144@capitalpartnersgroup.com,(536) 497-6463,Capital Partners Group,Operations Manager
Henry Powell,henry.powell145@pinnaclegroup.com,(725) 512-5091,Pinnacle Group,CEO
Janet Martin,janet.martin146@apexindustries.com,(138) 122-2388,Apex Industries,Customer Success Manager
Helen Price,helen.price147@techcorpsolutions.com,(932) 376-8233,TechCorp Solutions,VP of Engineering
Jack Collins,jack.collins148@capitalpartnersgroup.com,(757) 133-0188,Capital Partners Group,Software Engineer
Stephanie Wood,stephanie.wood149@techcorpsolutions.com,(116) 579-3143,TechCorp Solutions,Designer
Jason Patel,jason.patel150@strategicpartners.com,(614) 738-8408,Strategic Partners,HR Manager
Justin Gomez,justin.gomez151@elitebusinessservices.com,(396) 942-2060,Elite Business Services,Marketing Director
Amy Howard,amy.howard152@legalpartnersllp.com,(492) 918-9797,Legal Partners LLP,Data Scientist
Elizabeth Martin,elizabeth.martin153@globalsystems.com,(150) 653-7546,Global Systems,VP of Engineering
Amy Hamilton,amy.hamilton154@enterprisesolutions.com,(859) 695-9497,Enterprise Solutions,Product Manager
Helen Flores,helen.flores155@smartsolutions.com,(511) 414-0521,Smart Solutions,VP of Marketing
Carolyn Mendoza,carolyn.mendoza156@vertexventures.com,(503) 282-4614,Vertex Ventures,Senior Developer
Mary Adams,mary.adams157@smartsolutions.com,(503) 956-3939,Smart Solutions,Customer Success Manager
Timothy Powell,timothy.powell158@designlabcreative.com,(708) 541-3062,DesignLab Creative,VP of Sales
William Cox,william.cox159@datasynctechnologies.com,(317) 723-0097,DataSync Technologies,Content Manager
Christina Mitchell,christina.mitchell160@apexindustries.com,(932) 480-6783,Apex Industries,CTO
Peter Wright,peter.wright161@datasynctechnologies.com,(360) 689-6883,DataSync Technologies,CTO
Michelle Cook,michelle.cook162@futuretech.com,(999) 438-2698,Future Tech,Designer
Debra Hughes,debra.hughes163@strategicpartners.com,(205) 181-6208,Strategic Partners,Senior Developer
Samuel Stewart,samuel.stewart164@advancedanalytics.com,(404) 234-1479,Advanced Analytics,CFO
Helen Mendoza,helen.mendoza165@elitebusinessservices.com,(405) 949-8465,Elite Business Services,Sales Manager
Jonathan Baker,jonathan.baker166@pinnaclegroup.com,(910) 205-1439,Pinnacle Group,Software Engineer
Brenda Baker,brenda.baker167@enterprisesolutions.com,(581) 583-9659,Enterprise Solutions,Finance Director
Gary Griffin,gary.griffin168@globalsystems.com,(298) 252-9954,Global Systems,Business Analyst
Alexander Carter,alexander.carter169@byteforgesystems.com,(636) 341-7868,ByteForge Systems,Product Manager
Jonathan Martinez,jonathan.martinez170@elitebusinessservices.com,(170) 931-3661,Elite Business Services,Sales Manager
Gary Sullivan,gary.sullivan171@healthtechmedical.com,(100) 167-9214,HealthTech Medical,CEO
Steven Barnes,steven.barnes172@byteforgesystems.com,(448) 912-1619,ByteForge Systems,Project Manager
Kyle Hamilton,kyle.hamilton173@brandworksmarketing.com,(807) 824-6374,BrandWorks Marketing,CEO
Zachary Brown,zachary.brown174@futuretech.com,(906) 545-6895,Future Tech,CFO
Maria Morgan,maria.morgan175@quantumsolutions.com,(273) 281-5626,Quantum Solutions,VP of Engineering
George Harris,george.harris176@designlabcreative.com,(408) 214-7243,DesignLab Creative,CFO
Edward Gomez,edward.gomez177@datadynamics.com,(937) 576-0906,Data Dynamics,UI/UX Designer
Benjamin Reed,benjamin.reed178@financeplusholdings.com,(357) 747-2664,FinancePlus Holdings,Software Engineer
Heather Martinez,heather.martinez179@synergygroup.com,(945) 565-6334,Synergy Group,HR Manager
Daniel Ramirez,daniel.ramirez180@primeconsulting.com,(890) 633-8410,Prime Consulting,Project Manager
Anthony Walker,anthony.walker181@techcorpsolutions.com,(189) 395-1502,TechCorp Solutions,Marketing Director
Frank Collins,frank.collins182@synergygroup.com,(612) 191-4102,Synergy Group,Customer Success Manager
Carolyn Castillo,carolyn.castillo183@strategicpartners.com,(616) 812-8713,Strategic Partners,Operations Manager
Evelyn Allen,evelyn.allen184@designlabcreative.com,(110) 691-8799,DesignLab Creative,Business Analyst
Kenneth Howard,kenneth.howard185@cloudservicesco.com,(515) 103-8166,Cloud Services Co,Marketing Director
Henry Rodriguez,henry.rodriguez186@strategicpartners.com,(120) 547-5146,Strategic Partners,VP of Sales
Emily Nguyen,emily.nguyen187@quantumsolutions.com,(211) 930-1504,Quantum Solutions,UI/UX Designer
Kelly Foster,kelly.foster188@healthtechmedical.com,(899) 559-5931,HealthTech Medical,Content Manager
Pamela Allen,pamela.allen189@advancedanalytics.com,(434) 721-1665,Advanced Analytics,VP of Engineering
George Turner,george.turner190@pinnaclegroup.com,(870) 615-0843,Pinnacle Group,VP of Marketing
Kimberly Morris,kimberly.morris191@strategicpartners.com,(662) 346-9380,Strategic Partners,Marketing Director
Janet Jenkins,janet.jenkins192@vertexventures.com,(880) 172-0244,Vertex Ventures,VP of Engineering
Shirley Miller,shirley.miller193@capitalpartnersgroup.com,(100) 935-6844,Capital Partners Group,Operations Manager
Joshua Davis,joshua.davis194@mediahubproductions.com,(202) 760-2575,MediaHub Productions,Sales Manager
Daniel Perry,daniel.perry195@advancedanalytics.com,(167) 712-2162,Advanced Analytics,Finance Director
Samantha Richardson,samantha.richardson196@advancedanalytics.com,(969) 127-8199,Advanced Analytics,VP of Sales
Henry Moore,henry.moore197@synergygroup.com,(930) 126-7092,Synergy Group,Project Manager
Michael Russell,michael.russell198@primeconsulting.com,(940) 167-3812,Prime Consulting,Designer
Amanda Phillips,amanda.phillips199@globalsystems.com,(571) 984-2949,Global Systems,Senior Developer
Linda Lee,linda.lee200@legalpartnersllp.com,(289) 681-3102,Legal Partners LLP,Business Analyst
Anthony Patel,anthony.patel201@datasynctechnologies.com,(719) 481-9507,DataSync Technologies,VP of Sales
Susan Thomas,susan.thomas202@nexuscorporation.com,(171) 401-7356,Nexus Corporation,Account Manager
Emily Brooks,emily.brooks203@nexuscorporation.com,(323) 990-4142,Nexus Corporation,Developer
Ethan Miller,ethan.miller204@healthtechmedical.com,(250) 449-5943,HealthTech Medical,UI/UX Designer
Matthew Kim,matthew.kim205@pinnaclegroup.com,(473) 776-4493,Pinnacle Group,Architect
Henry Sanchez,henry.sanchez206@vertexventures.com,(396) 975-6074,Vertex Ventures,UI/UX Designer
Paul Richardson,paul.richardson207@innovationlabs.com,(768) 505-8401,Innovation Labs,Architect
Diane Evans,diane.evans208@hrsolutionscorp.com,(545) 667-5020,HR Solutions Corp,Senior Developer
Shirley Evans,shirley.evans209@globalsystems.com,(197) 212-4727,Global Systems,Operations Manager
Carol Mitchell,carol.mitchell210@futuretech.com,(224) 147-2231,Future Tech,Architect
Carolyn Morris,carolyn.morris211@globalsystems.com,(819) 151-5167,Global Systems,Marketing Director
Evelyn Garcia,evelyn.garcia212@smartsolutions.com,(243) 246-9072,Smart Solutions,Project Manager
Patrick Russell,patrick.russell213@capitalpartnersgroup.com,(888) 784-6772,Capital Partners Group,HR Manager
Frank Ruiz,frank.ruiz214@digitalinnovations.com,(851) 579-4491,Digital Innovations,Business Development
Brandon Smith,brandon.smith215@nexuscorporation.com,(363) 165-6840,Nexus Corporation,Business Development
Donna Peterson,donna.peterson216@techcorpsolutions.com,(919) 872-1313,TechCorp Solutions,Content Manager
Richard Graham,richard.graham217@healthtechmedical.com,(480) 969-5618,HealthTech Medical,Consultant
Timothy Hughes,timothy.hughes218@techcorpsolutions.com,(714) 989-1562,TechCorp Solutions,Account Manager
Kevin Watson,kevin.watson219@brandworksmarketing.com,(411) 336-9125,BrandWorks Marketing,Senior Developer
James Powell,james.powell220@nexuscorporation.com,(277) 683-2347,Nexus Corporation,Business Analyst
Brian Barnes,brian.barnes221@primeconsulting.com,(833) 706-2237,Prime Consulting,VP of Sales
Peter Foster,peter.foster222@hrsolutionscorp.com,(346) 212-0581,HR Solutions Corp,Business Development
Elizabeth Powell,elizabeth.powell223@elitebusinessservices.com,(181) 827-4701,Elite Business Services,Designer
Stephen Hughes,stephen.hughes224@globalsystems.com,(990) 536-5453,Global Systems,Data Scientist
Jacob King,jacob.king225@legalpartnersllp.com,(886) 652-3847,Legal Partners LLP,VP of Sales
Gregory Ross,gregory.ross226@mediahubproductions.com,(807) 935-0978,MediaHub Productions,Marketing Director
Samuel Butler,samuel.butler227@strategicpartners.com,(182) 491-8365,Strategic Partners,VP of Engineering
Melissa Nelson,melissa.nelson228@cloudservicesco.com,(684) 592-4799,Cloud Services Co,Business Analyst
Nathan Gray,nathan.gray229@nexuscorporation.com,(690) 567-2318,Nexus Corporation,Data Scientist
Brenda Hernandez,brenda.hernandez230@capitalpartnersgroup.com,(119) 187-4476,Capital Partners Group,Marketing Director
Debra Reed,debra.reed231@designlabcreative.com,(580) 107-0290,DesignLab Creative,Project Manager
Eric Taylor,eric.taylor232@techcorpsolutions.com,(918) 641-9847,TechCorp Solutions,Business Analyst
Brian Martinez,brian.martinez233@datadynamics.com,(886) 328-9044,Data Dynamics,CEO
Eric Williams,eric.williams234@cloudbaseinc.com,(622) 250-2264,CloudBase Inc,Consultant
Nicole Martinez,nicole.martinez235@vertexventures.com,(269) 144-4968,Vertex Ventures,Sales Manager
Matthew Wright,matthew.wright236@financeplusholdings.com,(171) 304-8708,FinancePlus Holdings,Finance Director
Stephanie Lewis,stephanie.lewis237@primeconsulting.com,(859) 411-7814,Prime Consulting,Data Scientist
Jonathan Miller,jonathan.miller238@advancedanalytics.com,(153) 730-0130,Advanced Analytics,VP of Marketing
Larry Young,larry.young239@creativemedia.com,(659) 155-7793,Creative Media,Finance Director
James Sanders,james.sanders240@pinnaclegroup.com,(893) 498-1548,Pinnacle Group,Software Engineer
Richard Thompson,richard.thompson241@nexuscorporation.com,(609) 213-8774,Nexus Corporation,Software Engineer
Nicole Cruz,nicole.cruz242@innovationlabs.com,(397) 936-2709,Innovation Labs,Senior Developer
Daniel Ramos,daniel.ramos243@synergygroup.com,(487) 627-9293,Synergy Group,Business Development
Joshua Jones,joshua.jones244@innovationlabs.com,(500) 650-5325,Innovation Labs,Operations Manager
Rebecca Perry,rebecca.perry245@cloudservicesco.com,(600) 165-7421,Cloud Services Co,Senior Developer
Gary Rogers,gary.rogers246@advancedanalytics.com,(412) 643-2624,Advanced Analytics,CTO
Jessica Kelly,jessica.kelly247@byteforgesystems.com,(691) 943-9498,ByteForge Systems,Project Manager
Joyce Wood,joyce.wood248@quantumsolutions.com,(817) 956-4467,Quantum Solutions,Architect
Stephen Miller,stephen.miller249@byteforgesystems.com,(954) 234-6565,ByteForge Systems,Account Manager
Shirley Adams,shirley.adams250@advancedanalytics.com,(381) 564-1140,Advanced Analytics,Architect
Nicole Hall,nicole.hall251@pinnaclegroup.com,(309) 323-1716,Pinnacle Group,Finance Director
Larry Wilson,larry.wilson252@nexuscorporation.com,(955) 265-2924,Nexus Corporation,Finance Director
Frank Scott,frank.scott253@datadynamics.com,(392) 792-6079,Data Dynamics,Developer
Emily Sanchez,emily.sanchez254@primeconsulting.com,(309) 939-1325,Prime Consulting,Operations Manager
Brian Miller,brian.miller255@datadynamics.com,(199) 577-6554,Data Dynamics,Software Engineer
Nicholas Johnson,nicholas.johnson256@digitalinnovations.com,(798) 588-4747,Digital Innovations,Customer Success Manager
Thomas Thompson,thomas.thompson257@futuretech.com,(212) 667-1483,Future Tech,Data Scientist
Noah Hughes,noah.hughes258@pinnaclegroup.com,(220) 478-9720,Pinnacle Group,VP of Engineering
Katherine Brown,katherine.brown259@enterprisesolutions.com,(999) 563-1407,Enterprise Solutions,Senior Developer
Dennis Alvarez,dennis.alvarez260@healthtechmedical.com,(516) 261-8756,HealthTech Medical,Product Manager
Matthew Smith,matthew.smith261@mediahubproductions.com,(385) 271-2046,MediaHub Productions,VP of Marketing
Karen Williams,karen.williams262@futuretech.com,(430) 677-3476,Future Tech,Consultant
Richard Wright,richard.wright263@synergygroup.com,(157) 841-4419,Synergy Group,Designer
Edward Rodriguez,edward.rodriguez264@innovationlabs.com,(584) 140-5090,Innovation Labs,Account Manager
Katherine Griffin,katherine.griffin265@creativemedia.com,(595) 539-3096,Creative Media,Business Analyst
Virginia Coleman,virginia.coleman266@legalpartnersllp.com,(956) 939-1889,Legal Partners LLP,Operations Manager
Steven Hill,steven.hill267@quantumsolutions.com,(301) 499-9053,Quantum Solutions,Software Engineer
Scott Rivera,scott.rivera268@pinnaclegroup.com,(887) 101-6412,Pinnacle Group,VP of Marketing
Thomas Morgan,thomas.morgan269@creativemedia.com,(290) 661-7158,Creative Media,Content Manager
Jeffrey Mendoza,jeffrey.mendoza270@enterprisesolutions.com,(811) 753-4870,Enterprise Solutions,Designer
Pamela Jackson,pamela.jackson271@futuretech.com,(189) 375-3387,Future Tech,Architect
Christina Smith,christina.smith272@datadynamics.com,(444) 220-9185,Data Dynamics,Consultant
Cynthia Peterson,cynthia.peterson273@innovationlabs.com,(467) 386-4396,Innovation Labs,VP of Sales
Emma Richardson,emma.richardson274@advancedanalytics.com,(811) 351-6752,Advanced Analytics,Marketing Director
Heather Edwards,heather.edwards275@healthtechmedical.com,(759) 882-0217,HealthTech Medical,Product Manager
Richard Alvarez,richard.alvarez276@apexindustries.com,(205) 812-9816,Apex Industries,Sales Manager
William Rogers,william.rogers277@mediahubproductions.com,(203) 789-0331,MediaHub Productions,Content Manager
Ethan Reyes,ethan.reyes278@techcorpsolutions.com,(189) 986-5820,TechCorp Solutions,Operations Manager
Jacob Campbell,jacob.campbell279@strategicpartners.com,(734) 638-9509,Strategic Partners,Account Manager
Justin Evans,justin.evans280@nexuscorporation.com,(287) 784-8609,Nexus Corporation,Product Manager
Shirley Alvarez,shirley.alvarez281@creativemedia.com,(647) 503-2489,Creative Media,Designer
Eric Graham,eric.graham282@techsolutionsinc.com,(128) 603-7842,Tech Solutions Inc,Finance Director
Deborah Campbell,deborah.campbell283@designlabcreative.com,(633) 116-9023,DesignLab Creative,Software Engineer
Mary Ramirez,mary.ramirez284@globalsystems.com,(980) 970-2554,Global Systems,Developer
Julie Patel,julie.patel285@creativemedia.com,(680) 908-4257,Creative Media,Sales Manager
Anna Walker,anna.walker286@nexuscorporation.com,(945) 705-1572,Nexus Corporation,Architect
Tyler Rivera,tyler.rivera287@futuretech.com,(329) 775-0555,Future Tech,CFO
Pamela Flores,pamela.flores288@elitebusinessservices.com,(699) 859-8218,Elite Business Services,Product Manager
Karen Clark,karen.clark289@globalsystems.com,(594) 218-1578,Global Systems,Developer
Shirley Howard,shirley.howard290@vertexventures.com,(494) 350-1872,Vertex Ventures,UI/UX Designer
Gary Garcia,gary.garcia291@techsolutionsinc.com,(755) 908-1766,Tech Solutions Inc,Senior Developer
Michelle Price,michelle.price292@capitalpartnersgroup.com,(288) 932-5654,Capital Partners Group,HR Manager
Cynthia Flores,cynthia.flores293@hrsolutionscorp.com,(465) 262-6041,HR Solutions Corp,Data Scientist
Anthony Turner,anthony.turner294@cloudbaseinc.com,(290) 924-3144,CloudBase Inc,Marketing Director
Larry Flores,larry.flores295@legalpartnersllp.com,(798) 896-1668,Legal Partners LLP,Business Development
Carol Brooks,carol.brooks296@datadynamics.com,(810) 679-6118,Data Dynamics,Account Manager
Stephanie Lee,stephanie.lee297@globalsystems.com,(168) 246-2785,Global Systems,Senior Developer
Linda Lee,linda.lee298@nexuscorporation.com,(136) 878-9790,Nexus Corporation,CFO
Justin Price,justin.price299@innovationlabs.com,(742) 365-5104,Innovation Labs,Marketing Director
Steven White,steven.white300@vertexventures.com,(863) 464-8461,Vertex Ventures,Business Analyst
Margaret Walker,margaret.walker301@digitalinnovations.com,(153) 909-7399,Digital Innovations,Senior Developer
Kevin Jackson,kevin.jackson302@legalpartnersllp.com,(847) 407-3536,Legal Partners LLP,CFO
David Hall,david.hall303@globalsystems.com,(520) 509-5404,Global Systems,Content Manager
Anna Myers,anna.myers304@cloudservicesco.com,(849) 400-5269,Cloud Services Co,CFO
Benjamin Ortiz,benjamin.ortiz305@healthtechmedical.com,(194) 292-0792,HealthTech Medical,CTO
Jonathan Parker,jonathan.parker306@synergygroup.com,(458) 459-0889,Synergy Group,Designer
Pamela Jimenez,pamela.jimenez307@creativemedia.com,(522) 684-4223,Creative Media,Data Scientist
Joshua Brooks,joshua.brooks308@techsolutionsinc.com,(214) 129-6670,Tech Solutions Inc,Operations Manager
Paul Kim,paul.kim309@mediahubproductions.com,(985) 854-8821,MediaHub Productions,VP of Marketing
Steven Gutierrez,steven.gutierrez310@strategicpartners.com,(948) 394-2952,Strategic Partners,Content Manager
Pamela Torres,pamela.torres311@primeconsulting.com,(252) 543-1731,Prime Consulting,HR Manager
Scott Hill,scott.hill312@advancedanalytics.com,(531) 860-2232,Advanced Analytics,Senior Developer
Julie White,julie.white313@capitalpartnersgroup.com,(878) 737-4735,Capital Partners Group,Data Scientist
Laura Mitchell,laura.mitchell314@creativemedia.com,(102) 619-2025,Creative Media,VP of Engineering
Douglas Baker,douglas.baker315@cloudservicesco.com,(836) 310-6019,Cloud Services Co,Product Manager
Shirley Jones,shirley.jones316@creativemedia.com,(847) 718-8683,Creative Media,Product Manager
Jason Simmons,jason.simmons317@nexuscorporation.com,(916) 683-1182,Nexus Corporation,HR Manager
Ethan Cook,ethan.cook318@pinnaclegroup.com,(104) 440-7364,Pinnacle Group,Finance Director
Dennis Sullivan,dennis.sullivan319@legalpartnersllp.com,(920) 276-8847,Legal Partners LLP,Account Manager
Ryan Garcia,ryan.garcia320@techcorpsolutions.com,(763) 410-1173,TechCorp Solutions,Senior Developer
David Roberts,david.roberts321@globalsystems.com,(256) 778-5165,Global Systems,Software Engineer
Rebecca Jackson,rebecca.jackson322@digitalinnovations.com,(783) 112-2096,Digital Innovations,Project Manager
James Sullivan,james.sullivan323@designlabcreative.com,(379) 134-1615,DesignLab Creative,VP of Sales
Nicole Collins,nicole.collins324@hrsolutionscorp.com,(691) 143-6944,HR Solutions Corp,Marketing Director
Rachel Morris,rachel.morris325@digitalinnovations.com,(398) 507-8024,Digital Innovations,VP of Sales
Janet Butler,janet.butler326@futuretech.com,(906) 107-7116,Future Tech,Customer Success Manager
Stephen Phillips,stephen.phillips327@futuretech.com,(829) 369-6291,Future Tech,Developer
Karen Cox,karen.cox328@nexuscorporation.com,(496) 145-2469,Nexus Corporation,VP of Marketing
Rebecca Robinson,rebecca.robinson329@strategicpartners.com,(883) 954-6854,Strategic Partners,Designer
Patrick Phillips,patrick.phillips330@primeconsulting.com,(759) 988-3524,Prime Consulting,Project Manager
Jack Peterson,jack.peterson331@digitalinnovations.com,(288) 439-6501,Digital Innovations,Developer
Jason Allen,jason.allen332@byteforgesystems.com,(687) 348-9477,ByteForge Systems,Marketing Director
Raymond Miller,raymond.miller333@financeplusholdings.com,(879) 231-3731,FinancePlus Holdings,Sales Manager
Donna Young,donna.young334@advancedanalytics.com,(970) 746-8689,Advanced Analytics,Designer
Christopher King,christopher.king335@cloudservicesco.com,(259) 883-0004,Cloud Services Co,Customer Success Manager
Emma Hernandez,emma.hernandez336@strategicpartners.com,(527) 413-9439,Strategic Partners,CFO
Frank Miller,frank.miller337@strategicpartners.com,(601) 883-7162,Strategic Partners,Content Manager
Samuel Perry,samuel.perry338@pinnaclegroup.com,(572) 823-7036,Pinnacle Group,Project Manager
Barbara Richardson,barbara.richardson339@mediahubproductions.com,(974) 670-2823,MediaHub Productions,Product Manager
Jerry Cooper,jerry.cooper340@brandworksmarketing.com,(108) 265-1050,BrandWorks Marketing,CEO
Dorothy Castillo,dorothy.castillo341@brandworksmarketing.com,(784) 272-0261,BrandWorks Marketing,CFO
Dorothy Sanchez,dorothy.sanchez342@innovationlabs.com,(353) 972-8412,Innovation Labs,Consultant
Amy Kelly,amy.kelly343@innovationlabs.com,(844) 596-2175,Innovation Labs,Sales Manager
Samuel Cruz,samuel.cruz344@smartsolutions.com,(743) 705-1344,Smart Solutions,Architect
Olivia Diaz,olivia.diaz345@advancedanalytics.com,(968) 809-9229,Advanced Analytics,CFO
Matthew Hamilton,matthew.hamilton346@elitebusinessservices.com,(749) 218-5974,Elite Business Services,Consultant
Gregory Torres,gregory.torres347@mediahubproductions.com,(897) 519-3248,MediaHub Productions,Architect
Timothy James,timothy.james348@creativemedia.com,(909) 110-9343,Creative Media,Sales Manager
Joseph Peterson,joseph.peterson349@smartsolutions.com,(649) 232-3462,Smart Solutions,VP of Marketing
Alexander Taylor,alexander.taylor350@legalpartnersllp.com,(339) 334-8559,Legal Partners LLP,Account Manager
Stephanie Reyes,stephanie.reyes351@enterprisesolutions.com,(328) 954-1226,Enterprise Solutions,UI/UX Designer
Stephen Harris,stephen.harris352@advancedanalytics.com,(624) 587-6006,Advanced Analytics,Data Scientist
Patrick Watson,patrick.watson353@quantumsolutions.com,(751) 511-1718,Quantum Solutions,UI/UX Designer
Matthew Foster,matthew.foster354@cloudbaseinc.com,(815) 127-1001,CloudBase Inc,Software Engineer
Sandra Allen,sandra.allen355@techcorpsolutions.com,(637) 516-1870,TechCorp Solutions,Account Manager
Joyce Wilson,joyce.wilson356@creativemedia.com,(983) 878-7888,Creative Media,VP of Marketing
Melissa Miller,melissa.miller357@techsolutionsinc.com,(200) 395-3056,Tech Solutions Inc,CEO
Edward Anderson,edward.anderson358@capitalpartnersgroup.com,(300) 874-1105,Capital Partners Group,Product Manager
Kyle Nguyen,kyle.nguyen359@quantumsolutions.com,(245) 733-9375,Quantum Solutions,CEO
Joseph Johnson,joseph.johnson360@brandworksmarketing.com,(282) 224-2579,BrandWorks Marketing,HR Manager
Stephen Ramirez,stephen.ramirez361@datasynctechnologies.com,(775) 704-5284,DataSync Technologies,Marketing Director
Emily Watson,emily.watson362@financeplusholdings.com,(710) 710-2863,FinancePlus Holdings,CTO
Diane Stewart,diane.stewart363@cloudservicesco.com,(835) 527-8080,Cloud Services Co,Marketing Director
Edward Scott,edward.scott364@cloudservicesco.com,(995) 316-1214,Cloud Services Co,Product Manager
Donald Cooper,donald.cooper365@brandworksmarketing.com,(999) 934-2655,BrandWorks Marketing,VP of Marketing
Raymond Morgan,raymond.morgan366@elitebusinessservices.com,(606) 648-2116,Elite Business Services,CFO
Amy Nelson,amy.nelson367@elitebusinessservices.com,(251) 442-8833,Elite Business Services,Operations Manager
Ashley Baker,ashley.baker368@creativemedia.com,(360) 906-8033,Creative Media,Designer
Rebecca Howard,rebecca.howard369@strategicpartners.com,(896) 832-0391,Strategic Partners,Data Scientist
Justin Robinson,justin.robinson370@healthtechmedical.com,(162) 516-8370,HealthTech Medical,Finance Director
Kimberly Reed,kimberly.reed371@datadynamics.com,(150) 292-0410,Data Dynamics,Software Engineer
Kathleen Thompson,kathleen.thompson372@enterprisesolutions.com,(748) 688-6080,Enterprise Solutions,Architect
Nathan Rogers,nathan.rogers373@financeplusholdings.com,(263) 589-6820,FinancePlus Holdings,Product Manager
Janet Campbell,janet.campbell374@pinnaclegroup.com,(457) 467-8817,Pinnacle Group,Architect
Judith Lewis,judith.lewis375@pinnaclegroup.com,(479) 427-6208,Pinnacle Group,Business Development
Carolyn Castillo,carolyn.castillo376@cloudservicesco.com,(534) 538-9343,Cloud Services Co,VP of Sales
Raymond Jackson,raymond.jackson377@financeplusholdings.com,(790) 964-3603,FinancePlus Holdings,Marketing Director
Laura Ramos,laura.ramos378@legalpartnersllp.com,(902) 843-7445,Legal Partners LLP,Operations Manager
Emily Young,emily.young379@cloudservicesco.com,(957) 788-9287,Cloud Services Co,Sales Manager
Mary Peterson,mary.peterson380@brandworksmarketing.com,(157) 449-3743,BrandWorks Marketing,Marketing Director
Rachel Reyes,rachel.reyes381@cloudbaseinc.com,(617) 116-0718,CloudBase Inc,Data Scientist
Robert Butler,robert.butler382@techsolutionsinc.com,(809) 222-5265,Tech Solutions Inc,Customer Success Manager
Brandon Russell,brandon.russell383@enterprisesolutions.com,(478) 751-8935,Enterprise Solutions,Customer Success Manager
Samantha Bell,samantha.bell384@globalsystems.com,(694) 718-4926,Global Systems,Account Manager
Stephanie Moore,stephanie.moore385@synergygroup.com,(263) 827-2894,Synergy Group,Software Engineer
Robert Hughes,robert.hughes386@globalsystems.com,(937) 298-8765,Global Systems,Business Development
Joyce Cruz,joyce.cruz387@strategicpartners.com,(708) 744-0190,Strategic Partners,VP of Sales
Dennis Fisher,dennis.fisher388@digitalinnovations.com,(775) 751-7119,Digital Innovations,Developer
Lisa Ruiz,lisa.ruiz389@capitalpartnersgroup.com,(376) 568-5859,Capital Partners Group,Senior Developer
Karen Martin,karen.martin390@elitebusinessservices.com,(403) 512-9035,Elite Business Services,Marketing Director
Betty Kelly,betty.kelly391@datadynamics.com,(634) 915-2858,Data Dynamics,CTO
Cynthia Lee,cynthia.lee392@smartsolutions.com,(274) 957-3856,Smart Solutions,Marketing Director
Nancy Jenkins,nancy.jenkins393@pinnaclegroup.com,(714) 911-5532,Pinnacle Group,Product Manager
Barbara Roberts,barbara.roberts394@nexuscorporation.com,(517) 462-3472,Nexus Corporation,Sales Manager
Noah Hernandez,noah.hernandez395@brandworksmarketing.com,(550) 497-2755,BrandWorks Marketing,VP of Sales
Joyce Butler,joyce.butler396@primeconsulting.com,(422) 693-8237,Prime Consulting,Designer
Barbara Wilson,barbara.wilson397@healthtechmedical.com,(622) 667-7024,HealthTech Medical,VP of Engineering
Jacob Collins,jacob.collins398@financeplusholdings.com,(417) 428-5831,FinancePlus Holdings,VP of Marketing
Timothy Fisher,timothy.fisher399@elitebusinessservices.com,(321) 660-6993,Elite Business Services,Customer Success Manager
Dorothy Ramos,dorothy.ramos400@byteforgesystems.com,(881) 148-9948,ByteForge Systems,Business Development
Deborah Phillips,deborah.phillips401@techcorpsolutions.com,(356) 559-6135,TechCorp Solutions,VP of Engineering
Joyce Howard,joyce.howard402@elitebusinessservices.com,(891) 901-3130,Elite Business Services,Consultant
Shirley Robinson,shirley.robinson403@digitalinnovations.com,(179) 493-4042,Digital Innovations,Business Development
Betty Wood,betty.wood404@quantumsolutions.com,(111) 230-4869,Quantum Solutions,Architect
Jerry Jones,jerry.jones405@brandworksmarketing.com,(842) 961-0172,BrandWorks Marketing,Content Manager
Mark Lopez,mark.lopez406@nexuscorporation.com,(222) 472-7243,Nexus Corporation,Product Manager
Sandra Mendoza,sandra.mendoza407@capitalpartnersgroup.com,(579) 608-5217,Capital Partners Group,Finance Director
Eric Peterson,eric.peterson408@techsolutionsinc.com,(230) 413-8562,Tech Solutions Inc,Finance Director
Alexander Walker,alexander.walker409@designlabcreative.com,(107) 167-4255,DesignLab Creative,Data Scientist
Alexander Hamilton,alexander.hamilton410@cloudservicesco.com,(541) 532-3913,Cloud Services Co,Data Scientist
Scott Cruz,scott.cruz411@apexindustries.com,(547) 210-6717,Apex Industries,CEO
Dorothy Sanchez,dorothy.sanchez412@nexuscorporation.com,(546) 817-2398,Nexus Corporation,Developer
Thomas Mendoza,thomas.mendoza413@smartsolutions.com,(466) 943-2458,Smart Solutions,Customer Success Manager
James Rogers,james.rogers414@capitalpartnersgroup.com,(288) 134-4013,Capital Partners Group,Account Manager
Sarah Lopez,sarah.lopez415@innovationlabs.com,(755) 509-1197,Innovation Labs,Consultant
Shirley Rodriguez,shirley.rodriguez416@vertexventures.com,(172) 328-2438,Vertex Ventures,VP of Marketing
Emily Sanders,emily.sanders417@apexindustries.com,(930) 845-2046,Apex Industries,Software Engineer
Karen Johnson,karen.johnson418@financeplusholdings.com,(319) 908-2655,FinancePlus Holdings,Operations Manager
Brandon Hamilton,brandon.hamilton419@apexindustries.com,(394) 902-4572,Apex Industries,Business Analyst
Zachary Price,zachary.price420@digitalinnovations.com,(350) 469-0748,Digital Innovations,CFO
Paul Brooks,paul.brooks421@innovationlabs.com,(399) 256-8438,Innovation Labs,CFO
Sharon White,sharon.white422@byteforgesystems.com,(245) 470-3250,ByteForge Systems,UI/UX Designer
Ryan Clark,ryan.clark423@globalsystems.com,(307) 288-9557,Global Systems,Architect
Jacob Peterson,jacob.peterson424@pinnaclegroup.com,(358) 164-7998,Pinnacle Group,Business Analyst
Jessica Kim,jessica.kim425@cloudservicesco.com,(530) 128-5088,Cloud Services Co,Account Manager
Kathleen Long,kathleen.long426@smartsolutions.com,(211) 826-5966,Smart Solutions,Project Manager
Jerry Adams,jerry.adams427@quantumsolutions.com,(677) 667-1239,Quantum Solutions,Marketing Director
Ashley Morgan,ashley.morgan428@pinnaclegroup.com,(952) 564-5449,Pinnacle Group,Business Analyst
Raymond Rogers,raymond.rogers429@digitalinnovations.com,(881) 264-3347,Digital Innovations,Architect
Barbara White,barbara.white430@cloudbaseinc.com,(972) 373-9905,CloudBase Inc,Sales Manager
John Phillips,john.phillips431@synergygroup.com,(787) 669-7824,Synergy Group,Business Analyst
Justin Clark,justin.clark432@strategicpartners.com,(295) 182-6393,Strategic Partners,Content Manager
Deborah Johnson,deborah.johnson433@techcorpsolutions.com,(991) 128-1684,TechCorp Solutions,UI/UX Designer
Nicholas Lewis,nicholas.lewis434@apexindustries.com,(688) 844-5944,Apex Industries,Software Engineer
Jonathan Mendoza,jonathan.mendoza435@vertexventures.com,(184) 207-5951,Vertex Ventures,Developer
Eric Allen,eric.allen436@designlabcreative.com,(942) 107-7982,DesignLab Creative,VP of Engineering
Anthony Castillo,anthony.castillo437@synergygroup.com,(899) 704-2827,Synergy Group,Business Analyst
William Kim,william.kim438@hrsolutionscorp.com,(832) 942-1090,HR Solutions Corp,Account Manager
Rachel Ramos,rachel.ramos439@smartsolutions.com,(159) 244-3765,Smart Solutions,Software Engineer
Barbara Diaz,barbara.diaz440@enterprisesolutions.com,(760) 968-8531,Enterprise Solutions,Architect
Richard Garcia,richard.garcia441@pinnaclegroup.com,(713) 871-1812,Pinnacle Group,Senior Developer
Richard Ward,richard.ward442@datadynamics.com,(875) 616-9688,Data Dynamics,VP of Sales
Emma Bailey,emma.bailey443@creativemedia.com,(907) 724-3865,Creative Media,Software Engineer
Larry Wilson,larry.wilson444@globalsystems.com,(578) 601-0633,Global Systems,Account Manager
Margaret Torres,margaret.torres445@futuretech.com,(739) 512-6041,Future Tech,HR Manager
Stephanie Bell,stephanie.bell446@datadynamics.com,(679) 875-0556,Data Dynamics,Customer Success Manager
Michael Simmons,michael.simmons447@apexindustries.com,(620) 626-2512,Apex Industries,VP of Engineering
Scott Diaz,scott.diaz448@legalpartnersllp.com,(491) 857-7488,Legal Partners LLP,Consultant
Ashley Lewis,ashley.lewis449@financeplusholdings.com,(726) 414-2529,FinancePlus Holdings,Sales Manager
Shirley Chavez,shirley.chavez450@nexuscorporation.com,(133) 857-2170,Nexus Corporation,Customer Success Manager
Maria Butler,maria.butler451@vertexventures.com,(241) 231-9080,Vertex Ventures,Data Scientist
Patricia Ruiz,patricia.ruiz452@synergygroup.com,(406) 918-7063,Synergy Group,Marketing Director
Emily Adams,emily.adams453@futuretech.com,(193) 383-3467,Future Tech,CEO
Kathleen Sanchez,kathleen.sanchez454@healthtechmedical.com,(450) 944-6196,HealthTech Medical,VP of Sales
Carolyn Gray,carolyn.gray455@strategicpartners.com,(573) 365-5259,Strategic Partners,Finance Director
Kenneth Miller,kenneth.miller456@strategicpartners.com,(703) 569-3383,Strategic Partners,Operations Manager
Jessica Collins,jessica.collins457@synergygroup.com,(598) 400-5541,Synergy Group,VP of Sales
Lisa Davis,lisa.davis458@creativemedia.com,(126) 588-6557,Creative Media,Product Manager
Joshua Price,joshua.price459@nexuscorporation.com,(708) 516-9713,Nexus Corporation,Account Manager
Gary Collins,gary.collins460@apexindustries.com,(933) 564-3010,Apex Industries,Consultant
Douglas Richardson,douglas.richardson461@globalsystems.com,(537) 331-5573,Global Systems,VP of Marketing
Paul Ward,paul.ward462@quantumsolutions.com,(895) 957-8577,Quantum Solutions,VP of Marketing
Steven Hernandez,steven.hernandez463@hrsolutionscorp.com,(605) 274-7277,HR Solutions Corp,Sales Manager
John Smith,john.smith464@smartsolutions.com,(882) 459-8945,Smart Solutions,Project Manager
Michelle Baker,michelle.baker465@techsolutionsinc.com,(826) 732-1008,Tech Solutions Inc,Consultant
Brandon Lee,brandon.lee466@mediahubproductions.com,(375) 349-4472,MediaHub Productions,Consultant
Mary Jackson,mary.jackson467@nexuscorporation.com,(519) 671-5295,Nexus Corporation,Senior Developer
Brandon Nguyen,brandon.nguyen468@pinnaclegroup.com,(407) 117-7360,Pinnacle Group,Project Manager
Noah Bennett,noah.bennett469@innovationlabs.com,(326) 150-9404,Innovation Labs,Consultant
Stephanie Lopez,stephanie.lopez470@nexuscorporation.com,(217) 435-2913,Nexus Corporation,Sales Manager
Debra Bennett,debra.bennett471@pinnaclegroup.com,(836) 824-1799,Pinnacle Group,CTO
Debra Reyes,debra.reyes472@techcorpsolutions.com,(924) 184-2668,TechCorp Solutions,Designer
Timothy Ward,timothy.ward473@advancedanalytics.com,(103) 247-5924,Advanced Analytics,Consultant
Kyle Martin,kyle.martin474@elitebusinessservices.com,(980) 162-3319,Elite Business Services,Software Engineer
Alexander Morris,alexander.morris475@quantumsolutions.com,(521) 981-5740,Quantum Solutions,CTO
Nicholas Sanchez,nicholas.sanchez476@healthtechmedical.com,(998) 768-8444,HealthTech Medical,Content Manager
Nicholas Cooper,nicholas.cooper477@techsolutionsinc.com,(596) 953-7034,Tech Solutions Inc,CFO
Kenneth Price,kenneth.price478@creativemedia.com,(831) 748-0015,Creative Media,CEO
Jerry Edwards,jerry.edwards479@creativemedia.com,(185) 379-9788,Creative Media,Sales Manager
Maria Wilson,maria.wilson480@brandworksmarketing.com,(162) 183-2032,BrandWorks Marketing,Sales Manager
Henry Hughes,henry.hughes481@brandworksmarketing.com,(892) 211-2542,BrandWorks Marketing,Product Manager
Samuel Simmons,samuel.simmons482@elitebusinessservices.com,(996) 355-6243,Elite Business Services,Customer Success Manager
Christine Castillo,christine.castillo483@advancedanalytics.com,(743) 999-0977,Advanced Analytics,Content Manager
Jack Harris,jack.harris484@datasynctechnologies.com,(123) 786-6460,DataSync Technologies,Operations Manager
Paul White,paul.white485@creativemedia.com,(464) 652-3311,Creative Media,Marketing Director
Deborah Flores,deborah.flores486@quantumsolutions.com,(643) 300-5159,Quantum Solutions,Operations Manager
David Flores,david.flores487@capitalpartnersgroup.com,(156) 677-3133,Capital Partners Group,VP of Marketing
Joseph Sanders,joseph.sanders488@mediahubproductions.com,(680) 665-6539,MediaHub Productions,Marketing Director
Lisa Roberts,lisa.roberts489@cloudservicesco.com,(977) 562-1527,Cloud Services Co,Designer
Helen Davis,helen.davis490@globalsystems.com,(809) 375-2569,Global Systems,Architect
Dennis Castillo,dennis.castillo491@legalpartnersllp.com,(424) 345-1495,Legal Partners LLP,Product Manager
Diane Davis,diane.davis492@byteforgesystems.com,(686) 420-0018,ByteForge Systems,Architect
Justin Taylor,justin.taylor493@datadynamics.com,(857) 571-8212,Data Dynamics,Content Manager
Heather Powell,heather.powell494@advancedanalytics.com,(724) 594-5064,Advanced Analytics,Software Engineer
Patricia Martinez,patricia.martinez495@hrsolutionscorp.com,(775) 910-6321,HR Solutions Corp,Consultant
Mark Anderson,mark.anderson496@datadynamics.com,(954) 205-7089,Data Dynamics,Developer
Gregory Thomas,gregory.thomas497@techcorpsolutions.com,(986) 126-7862,TechCorp Solutions,Project Manager
Julie Howard,julie.howard498@innovationlabs.com,(101) 139-8432,Innovation Labs,Marketing Director
Laura Barnes,laura.barnes499@globalsystems.com,(220) 499-5652,Global Systems,Sales Manager
Nicole Jimenez,nicole.jimenez500@pinnaclegroup.com,(329) 438-7589,Pinnacle Group,Business Development
Karen Hall,karen.hall501@mediahubproductions.com,(783) 116-6483,MediaHub Productions,VP of Engineering
Timothy Edwards,timothy.edwards502@techcorpsolutions.com,(101) 577-2010,TechCorp Solutions,VP of Marketing
William Ortiz,william.ortiz503@techcorpsolutions.com,(968) 675-8512,TechCorp Solutions,Product Manager
Mark Moore,mark.moore504@financeplusholdings.com,(435) 562-6750,FinancePlus Holdings,Software Engineer
Timothy Flores,timothy.flores505@mediahubproductions.com,(299) 350-6916,MediaHub Productions,Software Engineer
Kenneth Ross,kenneth.ross506@techcorpsolutions.com,(910) 690-9465,TechCorp Solutions,Designer
William Ramirez,william.ramirez507@primeconsulting.com,(231) 257-2228,Prime Consulting,CFO
Robert Bailey,robert.bailey508@techsolutionsinc.com,(767) 717-5184,Tech Solutions Inc,CEO
Pamela Hall,pamela.hall509@legalpartnersllp.com,(106) 389-9478,Legal Partners LLP,Content Manager
Scott Patel,scott.patel510@globalsystems.com,(872) 692-7326,Global Systems,Marketing Director
David Mendoza,david.mendoza511@capitalpartnersgroup.com,(286) 783-7149,Capital Partners Group,Business Analyst
Anthony Nguyen,anthony.nguyen512@quantumsolutions.com,(852) 788-1206,Quantum Solutions,Finance Director
Christina Adams,christina.adams513@brandworksmarketing.com,(773) 535-1090,BrandWorks Marketing,Business Analyst
Aaron Price,aaron.price514@pinnaclegroup.com,(591) 490-2237,Pinnacle Group,CFO
Brandon Cook,brandon.cook515@pinnaclegroup.com,(834) 907-4664,Pinnacle Group,Architect
Donna Lewis,donna.lewis516@quantumsolutions.com,(773) 824-9758,Quantum Solutions,Senior Developer
Katherine Brown,katherine.brown517@creativemedia.com,(533) 354-6991,Creative Media,Content Manager
Katherine Hughes,katherine.hughes518@datasynctechnologies.com,(185) 195-7785,DataSync Technologies,CEO
Melissa Ramirez,melissa.ramirez519@datadynamics.com,(851) 238-8537,Data Dynamics,Sales Manager
Sharon Morris,sharon.morris520@capitalpartnersgroup.com,(660) 644-7568,Capital Partners Group,Designer
Pamela Morris,pamela.morris521@futuretech.com,(320) 168-1648,Future Tech,Marketing Director
Gregory Ruiz,gregory.ruiz522@hrsolutionscorp.com,(584) 341-8756,HR Solutions Corp,Product Manager
Anna Edwards,anna.edwards523@smartsolutions.com,(874) 877-3974,Smart Solutions,Senior Developer
Carol Fisher,carol.fisher524@vertexventures.com,(173) 528-3156,Vertex Ventures,Software Engineer
Daniel Green,daniel.green525@designlabcreative.com,(428) 546-3250,DesignLab Creative,Marketing Director
Rebecca Hill,rebecca.hill526@cloudservicesco.com,(253) 812-5581,Cloud Services Co,Data Scientist
Janet Parker,janet.parker527@mediahubproductions.com,(596) 788-0310,MediaHub Productions,Account Manager
Sarah Powell,sarah.powell528@techcorpsolutions.com,(773) 941-0378,TechCorp Solutions,Developer
Charles Foster,charles.foster529@techsolutionsinc.com,(973) 238-2867,Tech Solutions Inc,UI/UX Designer
Michael Lewis,michael.lewis530@globalsystems.com,(669) 991-2734,Global Systems,Marketing Director
Raymond Clark,raymond.clark531@healthtechmedical.com,(137) 356-0286,HealthTech Medical,Software Engineer
Christopher Lopez,christopher.lopez532@financeplusholdings.com,(539) 169-1659,FinancePlus Holdings,Consultant
Susan Cook,susan.cook533@techcorpsolutions.com,(419) 745-1287,TechCorp Solutions,Sales Manager
Lisa Sullivan,lisa.sullivan534@cloudbaseinc.com,(995) 476-2340,CloudBase Inc,Software Engineer
Tyler Coleman,tyler.coleman535@apexindustries.com,(965) 319-8446,Apex Industries,Business Analyst
Jerry Thomas,jerry.thomas536@futuretech.com,(768) 545-1470,Future Tech,Operations Manager
Sandra Mendoza,sandra.mendoza537@strategicpartners.com,(734) 387-7407,Strategic Partners,VP of Marketing
Gary Miller,gary.miller538@nexuscorporation.com,(611) 842-8691,Nexus Corporation,Content Manager
Kenneth Robinson,kenneth.robinson539@byteforgesystems.com,(987) 871-0195,ByteForge Systems,Architect
Patricia Brown,patricia.brown540@datasynctechnologies.com,(471) 547-0551,DataSync Technologies,Customer Success Manager
Matthew Bennett,matthew.bennett541@quantumsolutions.com,(359) 108-6541,Quantum Solutions,Sales Manager
Ryan Edwards,ryan.edwards542@futuretech.com,(102) 863-0692,Future Tech,Operations Manager
Christine Kim,christine.kim543@financeplusholdings.com,(968) 580-1952,FinancePlus Holdings,Business Analyst
Shirley Jones,shirley.jones544@futuretech.com,(984) 833-7274,Future Tech,HR Manager
Brenda Reyes,brenda.reyes545@strategicpartners.com,(838) 729-3905,Strategic Partners,Operations Manager
Jessica Adams,jessica.adams546@byteforgesystems.com,(597) 987-7450,ByteForge Systems,Operations Manager
Frank Mitchell,frank.mitchell547@healthtechmedical.com,(572) 964-1172,HealthTech Medical,Developer
Scott White,scott.white548@mediahubproductions.com,(347) 666-5811,MediaHub Productions,Marketing Director
Larry King,larry.king549@creativemedia.com,(595) 922-0099,Creative Media,Business Analyst
Raymond Rogers,raymond.rogers550@enterprisesolutions.com,(791) 148-0019,Enterprise Solutions,Senior Developer
Henry Ortiz,henry.ortiz551@designlabcreative.com,(868) 475-7806,DesignLab Creative,Business Development
Jason Brown,jason.brown552@techcorpsolutions.com,(816) 110-0961,TechCorp Solutions,Consultant
Nicole Ramos,nicole.ramos553@capitalpartnersgroup.com,(805) 293-4637,Capital Partners Group,Product Manager
Aaron Ward,aaron.ward554@advancedanalytics.com,(187) 195-5929,Advanced Analytics,Data Scientist
Nicholas Roberts,nicholas.roberts555@cloudservicesco.com,(941) 119-8314,Cloud Services Co,Software Engineer
Joshua Long,joshua.long556@techsolutionsinc.com,(822) 441-6432,Tech Solutions Inc,HR Manager
Douglas Watson,douglas.watson557@enterprisesolutions.com,(644) 862-8495,Enterprise Solutions,Marketing Director
Kyle Lee,kyle.lee558@designlabcreative.com,(870) 980-1225,DesignLab Creative,Project Manager
Samuel Kelly,samuel.kelly559@innovationlabs.com,(934) 174-3777,Innovation Labs,Marketing Director
Gregory Brown,gregory.brown560@innovationlabs.com,(384) 841-8069,Innovation Labs,UI/UX Designer
Patrick Price,patrick.price561@legalpartnersllp.com,(273) 688-1949,Legal Partners LLP,Data Scientist
Kathleen Mitchell,kathleen.mitchell562@financeplusholdings.com,(802) 451-3595,FinancePlus Holdings,VP of Engineering
Katherine Graham,katherine.graham563@quantumsolutions.com,(261) 236-4762,Quantum Solutions,Software Engineer
Jerry Johnson,jerry.johnson564@datasynctechnologies.com,(906) 326-4597,DataSync Technologies,Operations Manager
Lisa Parker,lisa.parker565@enterprisesolutions.com,(960) 619-5437,Enterprise Solutions,Senior Developer
Kelly Cruz,kelly.cruz566@globalsystems.com,(441) 982-2828,Global Systems,Customer Success Manager
Dennis Russell,dennis.russell567@legalpartnersllp.com,(616) 102-7672,Legal Partners LLP,UI/UX Designer
Mark Bell,mark.bell568@futuretech.com,(967) 949-3562,Future Tech,Sales Manager
Charles Carter,charles.carter569@capitalpartnersgroup.com,(183) 544-3179,Capital Partners Group,Operations Manager
Edward Mendoza,edward.mendoza570@datasynctechnologies.com,(693) 621-9298,DataSync Technologies,Marketing Director
Judith Garcia,judith.garcia571@datasynctechnologies.com,(891) 345-9281,DataSync Technologies,Software Engineer
Alexander Green,alexander.green572@pinnaclegroup.com,(825) 878-5569,Pinnacle Group,Sales Manager
Zachary Gutierrez,zachary.gutierrez573@synergygroup.com,(676) 321-0383,Synergy Group,Business Analyst
Brenda Garcia,brenda.garcia574@digitalinnovations.com,(556) 967-8508,Digital Innovations,CFO
Raymond Sanders,raymond.sanders575@primeconsulting.com,(707) 466-8708,Prime Consulting,Software Engineer
Jessica Hill,jessica.hill576@capitalpartnersgroup.com,(920) 117-4821,Capital Partners Group,Consultant
George Adams,george.adams577@pinnaclegroup.com,(785) 946-7516,Pinnacle Group,Business Analyst
Jonathan Martin,jonathan.martin578@globalsystems.com,(561) 553-7884,Global Systems,Content Manager
Michelle Wright,michelle.wright579@nexuscorporation.com,(603) 803-7227,Nexus Corporation,Architect
Kimberly Taylor,kimberly.taylor580@vertexventures.com,(276) 247-8559,Vertex Ventures,VP of Sales
Christopher Mitchell,christopher.mitchell581@financeplusholdings.com,(859) 553-8304,FinancePlus Holdings,Product Manager
Karen Stewart,karen.stewart582@nexuscorporation.com,(770) 415-8107,Nexus Corporation,Customer Success Manager
Angela James,angela.james583@healthtechmedical.com,(826) 939-9334,HealthTech Medical,Consultant
Richard Wilson,richard.wilson584@advancedanalytics.com,(814) 607-6713,Advanced Analytics,Product Manager
Joseph Nelson,joseph.nelson585@capitalpartnersgroup.com,(567) 511-0051,Capital Partners Group,VP of Marketing
Debra Coleman,debra.coleman586@advancedanalytics.com,(974) 112-7221,Advanced Analytics,Product Manager
Jessica Russell,jessica.russell587@elitebusinessservices.com,(473) 421-5362,Elite Business Services,Designer
Noah Ortiz,noah.ortiz588@elitebusinessservices.com,(376) 632-0243,Elite Business Services,Product Manager
Debra Sullivan,debra.sullivan589@cloudbaseinc.com,(816) 890-7247,CloudBase Inc,CTO
Nicole Williams,nicole.williams590@elitebusinessservices.com,(440) 816-9553,Elite Business Services,CEO
Maria Wright,maria.wright591@datasynctechnologies.com,(183) 170-0494,DataSync Technologies,VP of Sales
Henry Patel,henry.patel592@pinnaclegroup.com,(977) 940-0844,Pinnacle Group,Senior Developer
Heather Baker,heather.baker593@enterprisesolutions.com,(380) 301-1256,Enterprise Solutions,Marketing Director
Jack Harris,jack.harris594@smartsolutions.com,(131) 512-3459,Smart Solutions,VP of Marketing
Emma Jenkins,emma.jenkins595@financeplusholdings.com,(459) 250-2339,FinancePlus Holdings,Operations Manager
Melissa Morris,melissa.morris596@creativemedia.com,(473) 732-0269,Creative Media,Senior Developer
Dennis Howard,dennis.howard597@enterprisesolutions.com,(150) 486-2603,Enterprise Solutions,Customer Success Manager
Judith Rogers,judith.rogers598@strategicpartners.com,(699) 753-4979,Strategic Partners,VP of Sales
Kimberly Russell,kimberly.russell599@cloudservicesco.com,(684) 188-4510,Cloud Services Co,Sales Manager
Lauren Sanders,lauren.sanders600@techcorpsolutions.com,(721) 926-8375,TechCorp Solutions,Developer
Helen Bailey,helen.bailey601@capitalpartnersgroup.com,(413) 785-0392,Capital Partners Group,Developer
Margaret Patel,margaret.patel602@cloudbaseinc.com,(379) 772-4630,CloudBase Inc,Account Manager
Julie James,julie.james603@apexindustries.com,(298) 808-5417,Apex Industries,Finance Director
Christopher Collins,christopher.collins604@capitalpartnersgroup.com,(781) 249-9902,Capital Partners Group,CEO
Nicole Foster,nicole.foster605@vertexventures.com,(998) 415-9042,Vertex Ventures,Sales Manager
Julie Lewis,julie.lewis606@smartsolutions.com,(849) 251-6465,Smart Solutions,CTO
Laura Evans,laura.evans607@datadynamics.com,(922) 845-2321,Data Dynamics,Product Manager
Anna Walker,anna.walker608@creativemedia.com,(548) 566-9536,Creative Media,Customer Success Manager
Timothy Brooks,timothy.brooks609@brandworksmarketing.com,(262) 248-0748,BrandWorks Marketing,VP of Engineering
Joyce Jones,joyce.jones610@primeconsulting.com,(360) 479-4014,Prime Consulting,Business Development
Christina James,christina.james611@brandworksmarketing.com,(685) 776-7958,BrandWorks Marketing,VP of Sales
Thomas Williams,thomas.williams612@strategicpartners.com,(308) 506-5558,Strategic Partners,Marketing Director
Charles Taylor,charles.taylor613@designlabcreative.com,(597) 725-0491,DesignLab Creative,Marketing Director
Jessica Collins,jessica.collins614@enterprisesolutions.com,(314) 381-9151,Enterprise Solutions,Product Manager
William Long,william.long615@financeplusholdings.com,(730) 356-8068,FinancePlus Holdings,Marketing Director
Christina Hughes,christina.hughes616@innovationlabs.com,(812) 407-4076,Innovation Labs,Sales Manager
Edward Williams,edward.williams617@datadynamics.com,(642) 607-3640,Data Dynamics,Business Development
Justin Ruiz,justin.ruiz618@apexindustries.com,(527) 780-9304,Apex Industries,VP of Engineering
Evelyn Ruiz,evelyn.ruiz619@cloudservicesco.com,(460) 454-3983,Cloud Services Co,Software Engineer
Dennis Fisher,dennis.fisher620@brandworksmarketing.com,(329) 655-7827,BrandWorks Marketing,Project Manager
Dennis Jackson,dennis.jackson621@primeconsulting.com,(122) 133-7405,Prime Consulting,VP of Sales
Alexander Moore,alexander.moore622@elitebusinessservices.com,(908) 849-3028,Elite Business Services,Customer Success Manager
Tyler Rodriguez,tyler.rodriguez623@datadynamics.com,(610) 953-5940,Data Dynamics,UI/UX Designer
Sarah Barnes,sarah.barnes624@enterprisesolutions.com,(358) 714-9989,Enterprise Solutions,Product Manager
Katherine Turner,katherine.turner625@quantumsolutions.com,(992) 696-6194,Quantum Solutions,Marketing Director
Michael Martinez,michael.martinez626@hrsolutionscorp.com,(332) 208-7142,HR Solutions Corp,Marketing Director
Zachary Gray,zachary.gray627@vertexventures.com,(863) 362-7074,Vertex Ventures,Operations Manager
Janet Flores,janet.flores628@financeplusholdings.com,(927) 964-4096,FinancePlus Holdings,CTO
Stephanie Hall,stephanie.hall629@quantumsolutions.com,(425) 424-0626,Quantum Solutions,Operations Manager
Julie Moore,julie.moore630@byteforgesystems.com,(133) 107-2582,ByteForge Systems,Consultant
Jason Jones,jason.jones631@designlabcreative.com,(893) 308-1877,DesignLab Creative,Software Engineer
Edward Barnes,edward.barnes632@byteforgesystems.com,(656) 215-5310,ByteForge Systems,Business Analyst
Joseph Nguyen,joseph.nguyen633@strategicpartners.com,(478) 611-6464,Strategic Partners,CEO
Maria Smith,maria.smith634@elitebusinessservices.com,(986) 675-8380,Elite Business Services,Product Manager
Laura Baker,laura.baker635@smartsolutions.com,(387) 980-3646,Smart Solutions,Business Development
Christina Baker,christina.baker636@innovationlabs.com,(800) 518-8569,Innovation Labs,Business Analyst
Kenneth Taylor,kenneth.taylor637@pinnaclegroup.com,(581) 934-6778,Pinnacle Group,Data Scientist
Shirley Hughes,shirley.hughes638@techsolutionsinc.com,(802) 204-4703,Tech Solutions Inc,CEO
John Ramirez,john.ramirez639@strategicpartners.com,(570) 994-7541,Strategic Partners,CTO
Barbara Morales,barbara.morales640@brandworksmarketing.com,(903) 934-9348,BrandWorks Marketing,Marketing Director
William Jones,william.jones641@primeconsulting.com,(541) 246-4737,Prime Consulting,Marketing Director
Olivia Wood,olivia.wood642@enterprisesolutions.com,(812) 749-0106,Enterprise Solutions,Software Engineer
Heather Reed,heather.reed643@byteforgesystems.com,(958) 829-9400,ByteForge Systems,CEO
Michelle Rivera,michelle.rivera644@elitebusinessservices.com,(864) 925-8079,Elite Business Services,Project Manager
Noah Green,noah.green645@cloudservicesco.com,(839) 181-3264,Cloud Services Co,CTO
Kelly Cox,kelly.cox646@byteforgesystems.com,(166) 138-5045,ByteForge Systems,Customer Success Manager
Karen Robinson,karen.robinson647@innovationlabs.com,(430) 163-6918,Innovation Labs,Business Development
Maria Clark,maria.clark648@enterprisesolutions.com,(864) 795-0017,Enterprise Solutions,Software Engineer
Judith Griffin,judith.griffin649@datadynamics.com,(916) 540-9370,Data Dynamics,Senior Developer
Sharon Martin,sharon.martin650@futuretech.com,(343) 801-4357,Future Tech,Architect
Edward Cook,edward.cook651@datasynctechnologies.com,(141) 848-7112,DataSync Technologies,Architect
Rebecca Price,rebecca.price652@elitebusinessservices.com,(410) 561-9437,Elite Business Services,Project Manager
Sarah Ward,sarah.ward653@apexindustries.com,(822) 510-3025,Apex Industries,Product Manager
David Davis,david.davis654@byteforgesystems.com,(273) 683-0496,ByteForge Systems,Developer
Nathan Hamilton,nathan.hamilton655@designlabcreative.com,(953) 992-2295,DesignLab Creative,Developer
Amanda Anderson,amanda.anderson656@quantumsolutions.com,(938) 142-5800,Quantum Solutions,Account Manager
Jeffrey Mitchell,jeffrey.mitchell657@quantumsolutions.com,(748) 203-1176,Quantum Solutions,VP of Sales
Andrew Jenkins,andrew.jenkins658@strategicpartners.com,(593) 287-9634,Strategic Partners,VP of Engineering
Charles Morgan,charles.morgan659@synergygroup.com,(587) 526-4193,Synergy Group,Senior Developer
Kimberly Bell,kimberly.bell660@healthtechmedical.com,(722) 359-8200,HealthTech Medical,Project Manager
Donna Ramos,donna.ramos661@advancedanalytics.com,(174) 585-9770,Advanced Analytics,Data Scientist
Virginia Thomas,virginia.thomas662@techcorpsolutions.com,(990) 397-5416,TechCorp Solutions,VP of Sales
Robert Butler,robert.butler663@nexuscorporation.com,(859) 944-3863,Nexus Corporation,Product Manager
Linda Anderson,linda.anderson664@apexindustries.com,(970) 593-5800,Apex Industries,Account Manager
Janet Bailey,janet.bailey665@cloudbaseinc.com,(344) 282-8383,CloudBase Inc,CTO
Karen Cruz,karen.cruz666@designlabcreative.com,(651) 960-5218,DesignLab Creative,Consultant
Virginia White,virginia.white667@healthtechmedical.com,(264) 535-4339,HealthTech Medical,Software Engineer
Brandon Phillips,brandon.phillips668@synergygroup.com,(652) 854-1325,Synergy Group,Data Scientist
Sarah Ortiz,sarah.ortiz669@primeconsulting.com,(407) 457-5409,Prime Consulting,VP of Sales
Betty Brooks,betty.brooks670@vertexventures.com,(949) 955-7363,Vertex Ventures,Sales Manager
Ronald Ramos,ronald.ramos671@techsolutionsinc.com,(619) 433-3313,Tech Solutions Inc,Senior Developer
James Edwards,james.edwards672@vertexventures.com,(364) 699-6206,Vertex Ventures,Architect
Mary Griffin,mary.griffin673@elitebusinessservices.com,(187) 570-0256,Elite Business Services,Content Manager
Rachel Fisher,rachel.fisher674@healthtechmedical.com,(354) 704-6544,HealthTech Medical,Sales Manager
Ashley Kim,ashley.kim675@datadynamics.com,(941) 536-8671,Data Dynamics,VP of Engineering
Dorothy Myers,dorothy.myers676@byteforgesystems.com,(711) 431-8471,ByteForge Systems,Marketing Director
Raymond Garcia,raymond.garcia677@brandworksmarketing.com,(786) 928-9863,BrandWorks Marketing,Senior Developer
Betty Jones,betty.jones678@financeplusholdings.com,(583) 954-2175,FinancePlus Holdings,Sales Manager
Dennis Wilson,dennis.wilson679@brandworksmarketing.com,(430) 605-0851,BrandWorks Marketing,Architect
Linda Cooper,linda.cooper680@strategicpartners.com,(200) 940-2008,Strategic Partners,Finance Director
Karen Wood,karen.wood681@legalpartnersllp.com,(571) 378-0385,Legal Partners LLP,Operations Manager
Daniel Sanchez,daniel.sanchez682@vertexventures.com,(348) 230-5104,Vertex Ventures,Product Manager
Mark Nelson,mark.nelson683@pinnaclegroup.com,(959) 907-1056,Pinnacle Group,Business Development
William Morales,william.morales684@strategicpartners.com,(559) 221-3450,Strategic Partners,VP of Marketing
Benjamin Brown,benjamin.brown685@hrsolutionscorp.com,(329) 789-9181,HR Solutions Corp,Business Analyst
Janet Jimenez,janet.jimenez686@healthtechmedical.com,(159) 874-6882,HealthTech Medical,Content Manager
Elizabeth Rivera,elizabeth.rivera687@hrsolutionscorp.com,(891) 733-8052,HR Solutions Corp,Developer
Sharon Richardson,sharon.richardson688@quantumsolutions.com,(208) 940-5811,Quantum Solutions,Sales Manager
Henry Harris,henry.harris689@smartsolutions.com,(852) 864-7401,Smart Solutions,Software Engineer
Samantha Diaz,samantha.diaz690@primeconsulting.com,(506) 960-8225,Prime Consulting,Product Manager
Dorothy Price,dorothy.price691@hrsolutionscorp.com,(132) 133-7880,HR Solutions Corp,Consultant
Emma Green,emma.green692@creativemedia.com,(965) 846-7188,Creative Media,Designer
Sarah Garcia,sarah.garcia693@healthtechmedical.com,(714) 376-8378,HealthTech Medical,Consultant
Kathleen Graham,kathleen.graham694@capitalpartnersgroup.com,(206) 574-7762,Capital Partners Group,Designer
Helen Walker,helen.walker695@designlabcreative.com,(718) 911-3405,DesignLab Creative,Designer
John Morgan,john.morgan696@cloudservicesco.com,(858) 176-7829,Cloud Services Co,Business Development
Donald Wright,donald.wright697@elitebusinessservices.com,(681) 957-4725,Elite Business Services,Software Engineer
Kyle Mendoza,kyle.mendoza698@financeplusholdings.com,(569) 301-0545,FinancePlus Holdings,Content Manager
Betty Clark,betty.clark699@creativemedia.com,(432) 999-9580,Creative Media,Data Scientist
Patricia Stewart,patricia.stewart700@pinnaclegroup.com,(407) 602-0523,Pinnacle Group,Sales Manager
Ronald Morgan,ronald.morgan701@capitalpartnersgroup.com,(111) 886-8854,Capital Partners Group,Marketing Director
Carolyn Watson,carolyn.watson702@vertexventures.com,(732) 493-6992,Vertex Ventures,Account Manager
Heather Nelson,heather.nelson703@hrsolutionscorp.com,(675) 453-4552,HR Solutions Corp,VP of Engineering
Kelly Taylor,kelly.taylor704@innovationlabs.com,(923) 508-4508,Innovation Labs,Data Scientist
Tyler Sanders,tyler.sanders705@techsolutionsinc.com,(136) 447-1565,Tech Solutions Inc,Marketing Director
Brenda Ruiz,brenda.ruiz706@cloudbaseinc.com,(730) 354-7486,CloudBase Inc,CTO
Frank Cooper,frank.cooper707@byteforgesystems.com,(367) 489-4743,ByteForge Systems,UI/UX Designer
Janet Flores,janet.flores708@enterprisesolutions.com,(450) 226-0833,Enterprise Solutions,Data Scientist
Dorothy Castillo,dorothy.castillo709@cloudbaseinc.com,(603) 293-6155,CloudBase Inc,Architect
Aaron Scott,aaron.scott710@enterprisesolutions.com,(468) 803-8444,Enterprise Solutions,Sales Manager
Debra Brown,debra.brown711@legalpartnersllp.com,(311) 706-0342,Legal Partners LLP,VP of Marketing
Frank Ramirez,frank.ramirez712@healthtechmedical.com,(263) 448-0732,HealthTech Medical,Senior Developer
Rebecca Graham,rebecca.graham713@techsolutionsinc.com,(802) 329-2450,Tech Solutions Inc,HR Manager
Emma Cox,emma.cox714@datasynctechnologies.com,(465) 563-6338,DataSync Technologies,Software Engineer
Patricia Hill,patricia.hill715@enterprisesolutions.com,(316) 342-8260,Enterprise Solutions,HR Manager
Sandra Rodriguez,sandra.rodriguez716@techcorpsolutions.com,(401) 147-1825,TechCorp Solutions,Architect
Jack Ross,jack.ross717@hrsolutionscorp.com,(847) 805-5804,HR Solutions Corp,Business Analyst
Justin James,justin.james718@smartsolutions.com,(484) 264-7536,Smart Solutions,Software Engineer
Stephanie Reyes,stephanie.reyes719@creativemedia.com,(517) 999-7717,Creative Media,Designer
Barbara Jimenez,barbara.jimenez720@creativemedia.com,(883) 203-8661,Creative Media,CTO
Scott Davis,scott.davis721@cloudbaseinc.com,(266) 453-6636,CloudBase Inc,Operations Manager
Christopher Fisher,christopher.fisher722@smartsolutions.com,(137) 106-8861,Smart Solutions,Sales Manager
Kenneth Evans,kenneth.evans723@mediahubproductions.com,(835) 930-6010,MediaHub Productions,Software Engineer
Peter Martinez,peter.martinez724@pinnaclegroup.com,(483) 412-3889,Pinnacle Group,Sales Manager
Paul Ward,paul.ward725@digitalinnovations.com,(753) 330-4976,Digital Innovations,Product Manager
Jerry Baker,jerry.baker726@nexuscorporation.com,(319) 207-8160,Nexus Corporation,Developer
Katherine Hamilton,katherine.hamilton727@techcorpsolutions.com,(994) 380-7996,TechCorp Solutions,Marketing Director
Judith Castillo,judith.castillo728@healthtechmedical.com,(792) 617-5538,HealthTech Medical,Business Analyst
Diane Cruz,diane.cruz729@nexuscorporation.com,(719) 908-0503,Nexus Corporation,VP of Engineering
Carol Flores,carol.flores730@techcorpsolutions.com,(208) 434-5232,TechCorp Solutions,Consultant
Brenda Green,brenda.green731@techcorpsolutions.com,(248) 558-2323,TechCorp Solutions,Sales Manager
Nicholas Clark,nicholas.clark732@advancedanalytics.com,(358) 703-7775,Advanced Analytics,Sales Manager
Brandon Reyes,brandon.reyes733@strategicpartners.com,(166) 484-1715,Strategic Partners,Marketing Director
Christina Smith,christina.smith734@creativemedia.com,(498) 616-9210,Creative Media,VP of Marketing
Patrick Reyes,patrick.reyes735@smartsolutions.com,(680) 949-7706,Smart Solutions,UI/UX Designer
Noah Coleman,noah.coleman736@elitebusinessservices.com,(756) 373-9940,Elite Business Services,Designer
Matthew Diaz,matthew.diaz737@strategicpartners.com,(378) 896-8822,Strategic Partners,Operations Manager
Robert Nelson,robert.nelson738@financeplusholdings.com,(656) 837-7677,FinancePlus Holdings,Software Engineer
Lauren Garcia,lauren.garcia739@cloudbaseinc.com,(475) 260-8516,CloudBase Inc,CTO
Noah Watson,noah.watson740@hrsolutionscorp.com,(735) 145-9990,HR Solutions Corp,Data Scientist
Kelly Watson,kelly.watson741@creativemedia.com,(481) 712-0848,Creative Media,Product Manager
Andrew Bailey,andrew.bailey742@cloudbaseinc.com,(200) 937-4469,CloudBase Inc,Customer Success Manager
Matthew Davis,matthew.davis743@byteforgesystems.com,(333) 133-6517,ByteForge Systems,Senior Developer
Evelyn Reyes,evelyn.reyes744@creativemedia.com,(403) 998-3117,Creative Media,Finance Director
Carol Lee,carol.lee745@datasynctechnologies.com,(228) 640-0349,DataSync Technologies,CFO
Timothy Garcia,timothy.garcia746@elitebusinessservices.com,(968) 867-2117,Elite Business Services,Sales Manager
Carol Kim,carol.kim747@innovationlabs.com,(875) 210-9880,Innovation Labs,Software Engineer
Brian Stewart,brian.stewart748@synergygroup.com,(880) 327-7214,Synergy Group,Business Development
Ryan Jimenez,ryan.jimenez749@pinnaclegroup.com,(886) 594-5318,Pinnacle Group,Senior Developer
Jerry Lee,jerry.lee750@byteforgesystems.com,(925) 434-5301,ByteForge Systems,CEO
Lauren Thompson,lauren.thompson751@advancedanalytics.com,(839) 582-2979,Advanced Analytics,Consultant
Linda Miller,linda.miller752@globalsystems.com,(659) 893-7660,Global Systems,Project Manager
Jennifer Powell,jennifer.powell753@financeplusholdings.com,(944) 676-5646,FinancePlus Holdings,VP of Engineering
William Ross,william.ross754@datadynamics.com,(280) 674-2531,Data Dynamics,Designer
Laura Jenkins,laura.jenkins755@advancedanalytics.com,(668) 462-2017,Advanced Analytics,Sales Manager
Dennis Hall,dennis.hall756@pinnaclegroup.com,(178) 482-6916,Pinnacle Group,Sales Manager
Justin Reyes,justin.reyes757@designlabcreative.com,(984) 873-3551,DesignLab Creative,Product Manager
James Davis,james.davis758@cloudservicesco.com,(791) 178-4448,Cloud Services Co,Developer
Amanda Ross,amanda.ross759@apexindustries.com,(499) 692-9571,Apex Industries,VP of Sales
Brandon Scott,brandon.scott760@futuretech.com,(575) 956-2359,Future Tech,CTO
Richard Ward,richard.ward761@techcorpsolutions.com,(424) 583-4983,TechCorp Solutions,Marketing Director
Lisa Alvarez,lisa.alvarez762@creativemedia.com,(707) 359-9920,Creative Media,VP of Marketing
Jennifer Barnes,jennifer.barnes763@globalsystems.com,(331) 188-3135,Global Systems,Project Manager
Matthew Walker,matthew.walker764@creativemedia.com,(430) 397-0836,Creative Media,Designer
Gary Ruiz,gary.ruiz765@techsolutionsinc.com,(511) 714-1824,Tech Solutions Inc,CFO
Patrick Brooks,patrick.brooks766@quantumsolutions.com,(445) 237-1985,Quantum Solutions,VP of Sales
Kevin Thompson,kevin.thompson767@capitalpartnersgroup.com,(599) 218-9070,Capital Partners Group,VP of Engineering
Kimberly Martin,kimberly.martin768@legalpartnersllp.com,(185) 121-5293,Legal Partners LLP,Sales Manager
Noah Young,noah.young769@datasynctechnologies.com,(458) 989-0724,DataSync Technologies,Account Manager
Emma Young,emma.young770@cloudservicesco.com,(489) 175-5772,Cloud Services Co,Business Analyst
Mary Richardson,mary.richardson771@digitalinnovations.com,(460) 376-4473,Digital Innovations,Account Manager
Daniel Garcia,daniel.garcia772@designlabcreative.com,(251) 649-9124,DesignLab Creative,Product Manager
Stephanie Ramos,stephanie.ramos773@globalsystems.com,(296) 963-4253,Global Systems,Customer Success Manager
Daniel Foster,daniel.foster774@primeconsulting.com,(569) 657-4291,Prime Consulting,Business Analyst
Mark Moore,mark.moore775@pinnaclegroup.com,(537) 911-4564,Pinnacle Group,Software Engineer
Peter Hughes,peter.hughes776@elitebusinessservices.com,(104) 914-6288,Elite Business Services,Sales Manager
Justin Robinson,justin.robinson777@financeplusholdings.com,(484) 270-6630,FinancePlus Holdings,CFO
Paul Robinson,paul.robinson778@legalpartnersllp.com,(417) 963-5539,Legal Partners LLP,VP of Marketing
Linda Martin,linda.martin779@datadynamics.com,(162) 104-1090,Data Dynamics,Product Manager
Sandra Martin,sandra.martin780@techcorpsolutions.com,(321) 931-4609,TechCorp Solutions,Senior Developer
Evelyn Adams,evelyn.adams781@innovationlabs.com,(523) 354-0967,Innovation Labs,Customer Success Manager
Richard Wilson,richard.wilson782@cloudservicesco.com,(165) 384-8612,Cloud Services Co,Data Scientist
Michelle Lee,michelle.lee783@synergygroup.com,(853) 858-9587,Synergy Group,VP of Marketing
Stephen Sullivan,stephen.sullivan784@financeplusholdings.com,(840) 982-0334,FinancePlus Holdings,Senior Developer
Victoria Robinson,victoria.robinson785@elitebusinessservices.com,(889) 558-2776,Elite Business Services,Business Analyst
Olivia Lopez,olivia.lopez786@strategicpartners.com,(423) 794-0146,Strategic Partners,Data Scientist
Andrew Torres,andrew.torres787@enterprisesolutions.com,(843) 896-8694,Enterprise Solutions,CFO
Gregory Lewis,gregory.lewis788@datasynctechnologies.com,(953) 770-7308,DataSync Technologies,Operations Manager
Debra Wood,debra.wood789@nexuscorporation.com,(854) 574-3520,Nexus Corporation,Operations Manager
Peter Richardson,peter.richardson790@cloudbaseinc.com,(951) 907-9197,CloudBase Inc,CFO
Paul Gray,paul.gray791@futuretech.com,(308) 585-4118,Future Tech,Operations Manager
Olivia Allen,olivia.allen792@vertexventures.com,(502) 334-7179,Vertex Ventures,Product Manager
George Ortiz,george.ortiz793@advancedanalytics.com,(438) 157-0107,Advanced Analytics,Product Manager
Anna Kim,anna.kim794@enterprisesolutions.com,(422) 663-0631,Enterprise Solutions,Senior Developer
John Long,john.long795@datasynctechnologies.com,(369) 744-4594,DataSync Technologies,Data Scientist
Jennifer Scott,jennifer.scott796@datadynamics.com,(206) 501-2855,Data Dynamics,Sales Manager
Lisa Barnes,lisa.barnes797@techcorpsolutions.com,(519) 166-3179,TechCorp Solutions,Business Development
Linda Gray,linda.gray798@legalpartnersllp.com,(514) 281-9641,Legal Partners LLP,Operations Manager
Anna Lewis,anna.lewis799@designlabcreative.com,(548) 420-3410,DesignLab Creative,Software Engineer
Timothy Nelson,timothy.nelson800@primeconsulting.com,(105) 593-7006,Prime Consulting,Product Manager
Benjamin Evans,benjamin.evans801@cloudservicesco.com,(101) 382-2380,Cloud Services Co,Product Manager
Patrick Robinson,patrick.robinson802@financeplusholdings.com,(565) 537-4121,FinancePlus Holdings,HR Manager
Matthew Martinez,matthew.martinez803@strategicpartners.com,(197) 628-5461,Strategic Partners,Architect
Ronald Diaz,ronald.diaz804@pinnaclegroup.com,(321) 273-1433,Pinnacle Group,Software Engineer
Judith James,judith.james805@datadynamics.com,(307) 400-4826,Data Dynamics,Architect
Nathan Campbell,nathan.campbell806@quantumsolutions.com,(580) 785-7746,Quantum Solutions,Marketing Director
Emily Ramos,emily.ramos807@pinnaclegroup.com,(681) 418-4086,Pinnacle Group,Project Manager
Mark Butler,mark.butler808@quantumsolutions.com,(629) 978-4928,Quantum Solutions,Sales Manager
James Bell,james.bell809@techcorpsolutions.com,(325) 604-7392,TechCorp Solutions,Architect
Joshua Cook,joshua.cook810@legalpartnersllp.com,(716) 990-4975,Legal Partners LLP,Consultant
Donald Ramirez,donald.ramirez811@financeplusholdings.com,(179) 869-5626,FinancePlus Holdings,Software Engineer
Peter Morales,peter.morales812@datasynctechnologies.com,(785) 461-4345,DataSync Technologies,Business Analyst
Jessica Griffin,jessica.griffin813@datasynctechnologies.com,(294) 245-7916,DataSync Technologies,Designer
Donald Jones,donald.jones814@futuretech.com,(230) 917-2460,Future Tech,Developer
Joyce Martinez,joyce.martinez815@elitebusinessservices.com,(594) 563-3664,Elite Business Services,UI/UX Designer
Jerry Watson,jerry.watson816@quantumsolutions.com,(590) 896-8454,Quantum Solutions,Sales Manager
Evelyn Rodriguez,evelyn.rodriguez817@advancedanalytics.com,(977) 930-3316,Advanced Analytics,Developer
Brian Clark,brian.clark818@enterprisesolutions.com,(712) 101-9660,Enterprise Solutions,Product Manager
Nancy Thompson,nancy.thompson819@nexuscorporation.com,(298) 575-9610,Nexus Corporation,Marketing Director
Barbara Hill,barbara.hill820@cloudservicesco.com,(507) 305-7318,Cloud Services Co,Finance Director
Susan Young,susan.young821@techsolutionsinc.com,(287) 975-6850,Tech Solutions Inc,Finance Director
Nathan Green,nathan.green822@designlabcreative.com,(184) 660-7933,DesignLab Creative,VP of Marketing
Cynthia Sanders,cynthia.sanders823@byteforgesystems.com,(759) 432-7502,ByteForge Systems,Account Manager
Helen Collins,helen.collins824@synergygroup.com,(650) 601-2630,Synergy Group,Business Development
Heather Phillips,heather.phillips825@legalpartnersllp.com,(214) 665-4954,Legal Partners LLP,VP of Sales
Katherine Anderson,katherine.anderson826@apexindustries.com,(144) 331-5573,Apex Industries,Business Development
Charles Collins,charles.collins827@mediahubproductions.com,(108) 258-2945,MediaHub Productions,Consultant
Karen Hill,karen.hill828@quantumsolutions.com,(902) 442-9126,Quantum Solutions,Project Manager
Patrick Cox,patrick.cox829@datadynamics.com,(207) 843-6020,Data Dynamics,Content Manager
Matthew Cooper,matthew.cooper830@hrsolutionscorp.com,(691) 533-4026,HR Solutions Corp,Data Scientist
Carolyn Miller,carolyn.miller831@datasynctechnologies.com,(941) 779-9267,DataSync Technologies,HR Manager
Kevin Green,kevin.green832@capitalpartnersgroup.com,(581) 929-6296,Capital Partners Group,Customer Success Manager
Margaret Mendoza,margaret.mendoza833@nexuscorporation.com,(312) 928-9731,Nexus Corporation,Sales Manager
Evelyn Robinson,evelyn.robinson834@designlabcreative.com,(996) 427-9904,DesignLab Creative,Project Manager
Peter Turner,peter.turner835@elitebusinessservices.com,(794) 113-1006,Elite Business Services,Developer
David Martinez,david.martinez836@strategicpartners.com,(550) 942-2765,Strategic Partners,CEO
Kenneth Lopez,kenneth.lopez837@techsolutionsinc.com,(311) 108-8973,Tech Solutions Inc,Product Manager
Donald Rivera,donald.rivera838@primeconsulting.com,(663) 457-3691,Prime Consulting,Developer
Joyce Hill,joyce.hill839@smartsolutions.com,(334) 592-0613,Smart Solutions,Marketing Director
Brian Ruiz,brian.ruiz840@techsolutionsinc.com,(132) 566-0454,Tech Solutions Inc,VP of Sales
Janet Gomez,janet.gomez841@capitalpartnersgroup.com,(991) 965-8771,Capital Partners Group,Project Manager
Ryan Torres,ryan.torres842@elitebusinessservices.com,(789) 972-3067,Elite Business Services,Senior Developer
Dorothy Mendoza,dorothy.mendoza843@techcorpsolutions.com,(302) 106-4023,TechCorp Solutions,CEO
Sandra Harris,sandra.harris844@innovationlabs.com,(345) 116-1922,Innovation Labs,Consultant
Rebecca Moore,rebecca.moore845@techcorpsolutions.com,(750) 535-3115,TechCorp Solutions,Designer
Victoria Collins,victoria.collins846@advancedanalytics.com,(848) 569-9023,Advanced Analytics,Developer
Nathan Bennett,nathan.bennett847@globalsystems.com,(244) 638-5205,Global Systems,CTO
Anthony James,anthony.james848@legalpartnersllp.com,(434) 233-9951,Legal Partners LLP,Finance Director
Frank Hill,frank.hill849@brandworksmarketing.com,(715) 788-6848,BrandWorks Marketing,VP of Marketing
Michelle Alvarez,michelle.alvarez850@smartsolutions.com,(990) 894-4306,Smart Solutions,Business Development
Andrew Evans,andrew.evans851@innovationlabs.com,(339) 705-8988,Innovation Labs,Data Scientist
Emma Morales,emma.morales852@smartsolutions.com,(850) 138-3980,Smart Solutions,Software Engineer
Emma Perry,emma.perry853@elitebusinessservices.com,(863) 443-3724,Elite Business Services,Content Manager
Angela Rodriguez,angela.rodriguez854@elitebusinessservices.com,(833) 719-0197,Elite Business Services,Designer
Brenda Myers,brenda.myers855@datasynctechnologies.com,(470) 144-1398,DataSync Technologies,Content Manager
Christine Nelson,christine.nelson856@hrsolutionscorp.com,(993) 857-2085,HR Solutions Corp,Operations Manager
Maria Howard,maria.howard857@pinnaclegroup.com,(295) 153-2758,Pinnacle Group,Project Manager
Stephen Lopez,stephen.lopez858@pinnaclegroup.com,(464) 994-3202,Pinnacle Group,VP of Marketing
Scott Parker,scott.parker859@mediahubproductions.com,(845) 826-5909,MediaHub Productions,Project Manager
Aaron James,aaron.james860@techcorpsolutions.com,(771) 824-2486,TechCorp Solutions,VP of Marketing
Eric Reed,eric.reed861@apexindustries.com,(222) 290-3109,Apex Industries,Marketing Director
Christopher Green,christopher.green862@elitebusinessservices.com,(606) 837-3726,Elite Business Services,VP of Marketing
Michael Gutierrez,michael.gutierrez863@nexuscorporation.com,(376) 576-8462,Nexus Corporation,VP of Marketing
John Graham,john.graham864@healthtechmedical.com,(254) 720-0731,HealthTech Medical,Account Manager
Thomas Hill,thomas.hill865@cloudservicesco.com,(710) 928-5719,Cloud Services Co,Software Engineer
John Young,john.young866@elitebusinessservices.com,(360) 809-9004,Elite Business Services,Product Manager
Christina Sanchez,christina.sanchez867@enterprisesolutions.com,(997) 911-9394,Enterprise Solutions,Product Manager
Gregory Phillips,gregory.phillips868@innovationlabs.com,(867) 534-0440,Innovation Labs,Developer
Anna Gutierrez,anna.gutierrez869@financeplusholdings.com,(174) 873-3110,FinancePlus Holdings,Developer
Sarah Ramos,sarah.ramos870@innovationlabs.com,(461) 564-1709,Innovation Labs,Customer Success Manager
Daniel Davis,daniel.davis871@designlabcreative.com,(762) 218-5811,DesignLab Creative,Architect
Kevin Ross,kevin.ross872@futuretech.com,(988) 478-0535,Future Tech,Product Manager
Stephanie Parker,stephanie.parker873@pinnaclegroup.com,(954) 416-7403,Pinnacle Group,Business Development
George Evans,george.evans874@legalpartnersllp.com,(682) 369-1890,Legal Partners LLP,Architect
Ashley Barnes,ashley.barnes875@pinnaclegroup.com,(786) 646-7797,Pinnacle Group,Senior Developer
Olivia Baker,olivia.baker876@cloudbaseinc.com,(315) 717-3577,CloudBase Inc,Project Manager
Charles Jones,charles.jones877@healthtechmedical.com,(292) 415-6870,HealthTech Medical,Marketing Director
Debra Gutierrez,debra.gutierrez878@apexindustries.com,(957) 769-0995,Apex Industries,Sales Manager
Joshua Smith,joshua.smith879@primeconsulting.com,(256) 358-3603,Prime Consulting,Software Engineer
David Jimenez,david.jimenez880@quantumsolutions.com,(737) 240-9646,Quantum Solutions,Account Manager
Karen Rivera,karen.rivera881@cloudservicesco.com,(307) 368-7896,Cloud Services Co,VP of Sales
Jessica Lee,jessica.lee882@synergygroup.com,(876) 112-5124,Synergy Group,Product Manager
Mary Price,mary.price883@apexindustries.com,(784) 486-2019,Apex Industries,UI/UX Designer
Nancy Miller,nancy.miller884@creativemedia.com,(524) 958-3799,Creative Media,Senior Developer
Zachary Scott,zachary.scott885@financeplusholdings.com,(907) 352-4755,FinancePlus Holdings,Developer
Evelyn Mitchell,evelyn.mitchell886@financeplusholdings.com,(810) 804-2853,FinancePlus Holdings,UI/UX Designer
Lauren Chavez,lauren.chavez887@primeconsulting.com,(480) 721-4151,Prime Consulting,CEO
Joshua Martinez,joshua.martinez888@nexuscorporation.com,(140) 356-7190,Nexus Corporation,CTO
Cynthia Rivera,cynthia.rivera889@strategicpartners.com,(883) 548-2462,Strategic Partners,Operations Manager
Janet Griffin,janet.griffin890@brandworksmarketing.com,(971) 513-2370,BrandWorks Marketing,Senior Developer
Christine Richardson,christine.richardson891@enterprisesolutions.com,(265) 862-8824,Enterprise Solutions,VP of Sales
Tyler Bennett,tyler.bennett892@healthtechmedical.com,(926) 117-0710,HealthTech Medical,Architect
Ethan Collins,ethan.collins893@financeplusholdings.com,(987) 668-7667,FinancePlus Holdings,Architect
Benjamin Ruiz,benjamin.ruiz894@digitalinnovations.com,(996) 473-8277,Digital Innovations,UI/UX Designer
Virginia Watson,virginia.watson895@datasynctechnologies.com,(571) 106-0080,DataSync Technologies,Product Manager
Ronald Nelson,ronald.nelson896@vertexventures.com,(643) 304-8812,Vertex Ventures,UI/UX Designer
Heather Adams,heather.adams897@techcorpsolutions.com,(444) 315-2529,TechCorp Solutions,VP of Marketing
Janet Chavez,janet.chavez898@creativemedia.com,(309) 928-2756,Creative Media,Operations Manager
Stephanie Wright,stephanie.wright899@elitebusinessservices.com,(331) 991-1305,Elite Business Services,Consultant
Deborah Edwards,deborah.edwards900@brandworksmarketing.com,(739) 337-2507,BrandWorks Marketing,Content Manager
Victoria Hamilton,victoria.hamilton901@apexindustries.com,(939) 969-9050,Apex Industries,Business Development
Katherine Reyes,katherine.reyes902@datasynctechnologies.com,(853) 697-0567,DataSync Technologies,Software Engineer
Patricia Chavez,patricia.chavez903@advancedanalytics.com,(314) 843-5907,Advanced Analytics,Marketing Director
Rachel Parker,rachel.parker904@quantumsolutions.com,(856) 468-3773,Quantum Solutions,Designer
Kelly King,kelly.king905@creativemedia.com,(849) 306-6100,Creative Media,Content Manager
Karen Cox,karen.cox906@financeplusholdings.com,(697) 309-1724,FinancePlus Holdings,Content Manager
Donald Butler,donald.butler907@vertexventures.com,(732) 913-6266,Vertex Ventures,Project Manager
Thomas Walker,thomas.walker908@designlabcreative.com,(556) 874-9145,DesignLab Creative,CTO
Donna Myers,donna.myers909@mediahubproductions.com,(410) 527-1665,MediaHub Productions,CTO
Thomas Moore,thomas.moore910@vertexventures.com,(163) 644-9145,Vertex Ventures,Marketing Director
Amanda Martin,amanda.martin911@hrsolutionscorp.com,(291) 904-0439,HR Solutions Corp,Architect
James Rogers,james.rogers912@strategicpartners.com,(499) 442-2147,Strategic Partners,Product Manager
Janet Cooper,janet.cooper913@brandworksmarketing.com,(166) 304-2657,BrandWorks Marketing,Designer
William Hernandez,william.hernandez914@cloudservicesco.com,(702) 249-4696,Cloud Services Co,Consultant
Jeffrey Long,jeffrey.long915@globalsystems.com,(516) 172-4385,Global Systems,CTO
Sarah Myers,sarah.myers916@quantumsolutions.com,(242) 578-2064,Quantum Solutions,VP of Marketing
Aaron Torres,aaron.torres917@mediahubproductions.com,(560) 278-4579,MediaHub Productions,Software Engineer
Donna Hernandez,donna.hernandez918@designlabcreative.com,(161) 319-2273,DesignLab Creative,Software Engineer
Laura Evans,laura.evans919@primeconsulting.com,(827) 259-5112,Prime Consulting,Developer
Virginia Alvarez,virginia.alvarez920@digitalinnovations.com,(197) 270-1044,Digital Innovations,Architect
Cynthia Morales,cynthia.morales921@smartsolutions.com,(455) 158-5604,Smart Solutions,Sales Manager
Amy Walker,amy.walker922@datadynamics.com,(339) 822-3068,Data Dynamics,Sales Manager
Richard Patel,richard.patel923@pinnaclegroup.com,(999) 959-0198,Pinnacle Group,CEO
Noah Sullivan,noah.sullivan924@primeconsulting.com,(279) 864-8097,Prime Consulting,Account Manager
Peter Edwards,peter.edwards925@cloudbaseinc.com,(732) 908-1242,CloudBase Inc,Business Development
Samantha Gray,samantha.gray926@primeconsulting.com,(617) 851-8639,Prime Consulting,CEO
Jason Ross,jason.ross927@techcorpsolutions.com,(988) 155-7600,TechCorp Solutions,Marketing Director
William Cox,william.cox928@smartsolutions.com,(993) 444-7101,Smart Solutions,Product Manager
Deborah Jenkins,deborah.jenkins929@vertexventures.com,(526) 658-1783,Vertex Ventures,Product Manager
Nicole Lewis,nicole.lewis930@legalpartnersllp.com,(279) 765-1898,Legal Partners LLP,Business Development
Jennifer Hall,jennifer.hall931@smartsolutions.com,(651) 497-6724,Smart Solutions,Business Analyst
Debra Ross,debra.ross932@creativemedia.com,(407) 567-8974,Creative Media,Content Manager
Janet Watson,janet.watson933@datasynctechnologies.com,(960) 701-7538,DataSync Technologies,Operations Manager
Rachel Sanchez,rachel.sanchez934@primeconsulting.com,(699) 227-9423,Prime Consulting,Product Manager
Donald Nelson,donald.nelson935@cloudbaseinc.com,(694) 132-0381,CloudBase Inc,Architect
Benjamin Miller,benjamin.miller936@primeconsulting.com,(327) 673-7491,Prime Consulting,HR Manager
Douglas Wood,douglas.wood937@apexindustries.com,(461) 288-9058,Apex Industries,VP of Sales
Eric Fisher,eric.fisher938@enterprisesolutions.com,(257) 211-5547,Enterprise Solutions,Marketing Director
Katherine Allen,katherine.allen939@futuretech.com,(415) 377-9814,Future Tech,Developer
Peter Griffin,peter.griffin940@enterprisesolutions.com,(857) 276-6430,Enterprise Solutions,Sales Manager
Laura Jones,laura.jones941@synergygroup.com,(682) 792-2669,Synergy Group,Business Analyst
Frank Barnes,frank.barnes942@brandworksmarketing.com,(891) 825-7784,BrandWorks Marketing,Software Engineer
Debra Hall,debra.hall943@nexuscorporation.com,(641) 503-4578,Nexus Corporation,Account Manager
Edward Carter,edward.carter944@capitalpartnersgroup.com,(971) 869-2603,Capital Partners Group,Sales Manager
Samantha Diaz,samantha.diaz945@synergygroup.com,(946) 819-1744,Synergy Group,HR Manager
Maria Collins,maria.collins946@brandworksmarketing.com,(956) 154-9209,BrandWorks Marketing,VP of Engineering
Steven Roberts,steven.roberts947@pinnaclegroup.com,(155) 330-0840,Pinnacle Group,Operations Manager
Brenda King,brenda.king948@smartsolutions.com,(901) 390-7355,Smart Solutions,VP of Marketing
Helen Graham,helen.graham949@creativemedia.com,(860) 827-7882,Creative Media,Sales Manager
Jessica Ward,jessica.ward950@financeplusholdings.com,(548) 748-3259,FinancePlus Holdings,Operations Manager
Stephanie Richardson,stephanie.richardson951@financeplusholdings.com,(175) 155-3481,FinancePlus Holdings,VP of Sales
Margaret Ramirez,margaret.ramirez952@designlabcreative.com,(987) 980-7414,DesignLab Creative,Designer
Jennifer Howard,jennifer.howard953@nexuscorporation.com,(278) 809-2805,Nexus Corporation,Product Manager
Eric Howard,eric.howard954@byteforgesystems.com,(902) 769-0449,ByteForge Systems,Senior Developer
Eric Perry,eric.perry955@strategicpartners.com,(249) 422-4857,Strategic Partners,VP of Marketing
Helen Lee,helen.lee956@datadynamics.com,(662) 468-4334,Data Dynamics,Account Manager
Rebecca Hamilton,rebecca.hamilton957@globalsystems.com,(574) 709-1782,Global Systems,Software Engineer
Lauren Hughes,lauren.hughes958@datadynamics.com,(359) 551-2470,Data Dynamics,Product Manager
Daniel Hamilton,daniel.hamilton959@vertexventures.com,(957) 802-3977,Vertex Ventures,Product Manager
Olivia Jones,olivia.jones960@synergygroup.com,(794) 877-9336,Synergy Group,VP of Engineering
Brandon Powell,brandon.powell961@innovationlabs.com,(215) 438-8602,Innovation Labs,Software Engineer
Melissa Turner,melissa.turner962@synergygroup.com,(913) 667-8577,Synergy Group,Marketing Director
Emily Smith,emily.smith963@datadynamics.com,(175) 729-0615,Data Dynamics,VP of Marketing
Kimberly Wood,kimberly.wood964@byteforgesystems.com,(775) 341-1482,ByteForge Systems,Developer
Frank Sullivan,frank.sullivan965@cloudbaseinc.com,(521) 908-0369,CloudBase Inc,Sales Manager
Elizabeth Green,elizabeth.green966@cloudbaseinc.com,(960) 670-0900,CloudBase Inc,Marketing Director
Thomas Barnes,thomas.barnes967@legalpartnersllp.com,(564) 376-5230,Legal Partners LLP,Product Manager
Justin Harris,justin.harris968@smartsolutions.com,(822) 401-4149,Smart Solutions,VP of Marketing
Jessica Hamilton,jessica.hamilton969@healthtechmedical.com,(242) 116-5333,HealthTech Medical,VP of Engineering
Christopher Roberts,christopher.roberts970@pinnaclegroup.com,(954) 409-4111,Pinnacle Group,Marketing Director
Stephanie Flores,stephanie.flores971@enterprisesolutions.com,(113) 494-1099,Enterprise Solutions,UI/UX Designer
Judith Kim,judith.kim972@financeplusholdings.com,(835) 610-9848,FinancePlus Holdings,Product Manager
Diane Ortiz,diane.ortiz973@globalsystems.com,(995) 935-0229,Global Systems,CFO
Kyle Diaz,kyle.diaz974@hrsolutionscorp.com,(501) 506-7683,HR Solutions Corp,Designer
Jack Fisher,jack.fisher975@cloudbaseinc.com,(839) 482-3271,CloudBase Inc,Architect
Michael Gutierrez,michael.gutierrez976@designlabcreative.com,(978) 555-5544,DesignLab Creative,HR Manager
Dorothy Chavez,dorothy.chavez977@datasynctechnologies.com,(390) 240-4300,DataSync Technologies,Business Development
Christina Gutierrez,christina.gutierrez978@byteforgesystems.com,(561) 730-3274,ByteForge Systems,Account Manager
Virginia Gutierrez,virginia.gutierrez979@legalpartnersllp.com,(522) 550-7649,Legal Partners LLP,UI/UX Designer
Margaret Richardson,margaret.richardson980@capitalpartnersgroup.com,(905) 615-9153,Capital Partners Group,CFO
Jonathan Watson,jonathan.watson981@nexuscorporation.com,(639) 212-4813,Nexus Corporation,Marketing Director
David Lewis,david.lewis982@globalsystems.com,(394) 732-8674,Global Systems,Data Scientist
Judith White,judith.white983@capitalpartnersgroup.com,(550) 523-1649,Capital Partners Group,Product Manager
Peter Robinson,peter.robinson984@vertexventures.com,(401) 288-4836,Vertex Ventures,UI/UX Designer
Robert Rodriguez,robert.rodriguez985@digitalinnovations.com,(539) 191-3889,Digital Innovations,Designer
John James,john.james986@apexindustries.com,(391) 429-9903,Apex Industries,Finance Director
Dorothy Hughes,dorothy.hughes987@elitebusinessservices.com,(526) 438-5501,Elite Business Services,CEO
Ashley Lee,ashley.lee988@nexuscorporation.com,(565) 334-7054,Nexus Corporation,Sales Manager
Carolyn Hill,carolyn.hill989@techcorpsolutions.com,(373) 620-3507,TechCorp Solutions,CEO
Nancy Harris,nancy.harris990@advancedanalytics.com,(384) 548-3681,Advanced Analytics,Business Analyst
Donald Flores,donald.flores991@techcorpsolutions.com,(847) 358-8722,TechCorp Solutions,VP of Engineering
Kyle Peterson,kyle.peterson992@innovationlabs.com,(970) 476-1616,Innovation Labs,Software Engineer
Michael Kim,michael.kim993@mediahubproductions.com,(997) 837-4741,MediaHub Productions,Senior Developer
Amanda Adams,amanda.adams994@innovationlabs.com,(533) 393-5693,Innovation Labs,VP of Sales
Mary Russell,mary.russell995@cloudservicesco.com,(893) 269-8859,Cloud Services Co,VP of Engineering
Frank Baker,frank.baker996@smartsolutions.com,(368) 600-0947,Smart Solutions,Business Analyst
Jacob Ross,jacob.ross997@datasynctechnologies.com,(667) 598-5144,DataSync Technologies,Senior Developer
Alexander Baker,alexander.baker998@cloudservicesco.com,(721) 410-6471,Cloud Services Co,VP of Marketing
Christine Morgan,christine.morgan999@innovationlabs.com,(502) 541-1804,Innovation Labs,Business Development